name,age,street,city,state,zip,lng,lat
Larry Stevens,70,Perkins Lodge,Adrianside,Nevada,98941,32.734906,-51.2373325
Charles Melton,35,Mcdaniel Walks,East Maria,Florida,85636,79.417934,-66.054912
Jasmine Buck,43,Christopher Mall,Kellerport,West Virginia,43703,-6.726092,-61.3693015
Victoria Cross,31,Mitchell Row,Ryanborough,South Carolina,89060,-114.174246,51.853846
Lisa Morris,38,Robert Shoals,New Jenniferberg,North Carolina,34636,20.841978,71.1386745
Carol Hoffman,19,Joseph Circle,Lake Hannah,Ohio,51099,19.434067,63.065577
Elijah Cook,64,Victoria Inlet,Port Christopherhaven,Oregon,67288,-153.367590,33.4903365
Krystal Gonzalez,24,Evans Cliff,Mcgeebury,Maryland,35423,161.077205,-43.0990995
Tim Thompson,24,Robert Centers,Heathermouth,Nevada,63496,145.731009,76.277805
Jeffrey Schultz,68,Powell Vista,West Kathleenton,Arkansas,49699,-145.206131,87.319645
Allison Peterson,23,William Drives,North Shawnmouth,Hawaii,19012,-15.221780,-49.8391865
Reginald Elliott,45,Brianna Lane,Robertside,North Carolina,88468,-155.118132,-82.3366905
Theresa Cook,26,Brian Rapids,Port Teresa,Washington,53170,113.179721,-72.474509
Mark Greer,21,Hamilton Mews,East Alyssaland,Rhode Island,99760,-65.614719,-80.299074
Jacob Pearson,49,Carol Union,Jenkinsberg,South Dakota,18516,153.260096,54.565500
Ronald Scott,38,Perez Divide,Hartton,Michigan,44452,136.313084,-0.479647
Melvin Taylor,36,Jamie Wells,South Travisville,Virginia,18214,-19.654788,20.9550505
Dawn Nichols,74,Brittany Row,South Crystalport,Virginia,22860,177.810548,9.210186
Daniel Woods,20,Hughes Radial,New David,Oregon,09872,-164.501307,89.738952
Dr. Bryan Jacobs,39,Amber Summit,North Aaronfort,North Carolina,50363,-126.226309,18.236239
Michael Herrera,24,Edward Shoals,West Marcusville,Mississippi,71048,-101.152323,-78.0197565
Jason Contreras,64,Garcia Square,West James,Arkansas,13220,-76.970686,8.554032
Mark Smith,51,Mark Ville,East Stephanie,New York,36723,-98.654274,83.400356
John Guerra,58,Griffin Fords,East Angelaview,Alabama,53077,47.432674,69.141231
Brian Reid,77,Roy Points,Codyside,New Hampshire,70181,28.520916,-15.6002985
Kristen West,58,Marshall Roads,Dunnland,New Hampshire,12364,29.332383,-81.595195
Megan Clark,51,Samantha Circles,Edwardfurt,Hawaii,23906,-179.646445,41.1563885
Timothy Olson,32,Angel Spur,Johnsonport,Oklahoma,07839,-87.395857,-4.9393795
William Fischer,23,Morris Greens,Haasport,Alabama,92653,132.227911,58.084914
Lisa Arnold,67,Scott Branch,East Edwardfurt,Alabama,74002,130.402907,-8.038295
Veronica Mason,52,Brian Centers,Kaitlynview,Arizona,41238,151.944388,-35.3421545
Shelby Martinez,32,Gregory Lake,Gonzalezland,Wyoming,00941,68.021889,-77.698660
Joseph Craig,73,Hicks Street,Henryside,Virginia,74925,-73.991617,-79.666382
David Macdonald,19,David Camp,Andersonborough,Arkansas,41749,-152.681065,-42.6690735
Shannon Scott,63,Tammy Union,Port Christophermouth,South Dakota,07845,-6.194476,-14.267619
Shelby Stevens,44,Aguilar Locks,New Shannon,Vermont,26698,87.030420,78.9687415
Andrew Morris,62,Jones Rapid,Ellisstad,North Carolina,55343,-161.896116,-26.8495355
Susan Schmidt,65,Rowland Rapid,Katherineshire,Utah,32534,5.575902,-83.550871
Leslie Tucker,32,Stephen Meadows,Tracyfort,Montana,79087,11.750753,24.556988
Tanya Lopez,72,Thomas Ranch,South Pamela,South Dakota,51110,-125.092209,33.2707155
Mary Freeman DDS,51,Murphy Square,North Andrewmouth,New Mexico,53639,132.110956,77.6496005
Morgan Nunez,26,Jeffrey Streets,New Samanthaton,Oklahoma,40806,21.061036,-12.6177305
Heather Becker,74,Lynch Manor,Gonzalesberg,Iowa,80310,87.349183,-8.3092015
Marcia Adkins,66,Anthony Glens,South Justinburgh,Vermont,27832,-18.266359,-79.888746
Anna Gonzalez,41,Dougherty Passage,Annchester,Alabama,97364,98.508836,82.5026225
Tamara Richardson,44,Duane Rest,West Daniel,Illinois,26581,161.215810,-56.416058
Hunter Harris,69,Raymond Vista,East Adambury,Montana,35151,-168.864366,-61.742545
Connie Roach,80,Jones Loop,Johnsonshire,Massachusetts,18593,-174.585710,33.825825
Daniel Collier,59,Holland Plains,West Shawnbury,Tennessee,12150,-153.933988,-13.2817975
Erica Strickland,36,Robert Meadow,Shellyberg,Colorado,45841,165.242057,80.9569395
Sandra Henry,36,Green Key,Nortonview,Ohio,49193,-74.919270,-3.5260975
Daniel Delgado,37,Jenkins Keys,Mcintyreburgh,Arizona,57687,-59.732706,17.6716335
Jason Medina,64,Perry Place,Weaverfort,Iowa,90645,168.767782,30.496910
Donna Cantrell,31,Logan Lake,West Lisaville,Delaware,51078,19.615353,32.7621335
Steven Mitchell,42,Gill Club,Christopherton,South Dakota,46140,148.117116,61.1962425
Jessica Schmidt,60,Martinez Locks,Tonyashire,Oklahoma,47970,-57.116345,30.3998835
Perry Williams,72,Cruz Meadow,Bakerfurt,Massachusetts,40699,-75.645115,-35.5688335
Nicholas Smith,25,Nicole Extension,South Georgeview,Kansas,80572,-51.827480,-14.206648
Sarah Jones,58,Smith Springs,Butlerside,Connecticut,94565,-50.239528,61.8843515
Lori Nelson,70,Jeff Island,Kingview,Nebraska,50032,-29.867425,9.7715705
Kelly Alvarez,61,Reyes Neck,New Davidstad,Ohio,89984,-113.851378,85.0354515
Anna Bauer,71,Hull Highway,New Michael,Maine,26203,-142.097376,16.0225635
Lori Garcia,51,Michelle Squares,Butlerfurt,South Dakota,08023,-123.094052,-75.980054
Samantha Jones,40,Melanie Port,Lake Johnathanmouth,Wyoming,48742,-43.552349,-8.1095565
Debra Randolph,30,John Pines,Georgebury,Ohio,83590,-120.827323,34.006249
William Frye,39,Hicks Glens,South Tiffanyfort,Iowa,14858,164.944651,83.388896
Laurie Chen,64,Williams Trace,South Kimberlymouth,Ohio,69051,173.020014,29.2569605
Chelsey Hurley,77,Green Haven,South Patrick,Kansas,71888,-33.765918,-70.037029
Claire Valentine,67,Samuel Harbors,New Bridgetmouth,Iowa,95615,-21.282457,34.505328
Dennis Farrell,39,Myers Skyway,Juliebury,Nebraska,56756,68.662675,-27.880415
James Wilson,49,Kevin Islands,West Jennifer,Michigan,26783,159.311497,5.638476
Michael Anderson,40,Maria Shores,Acostamouth,Maryland,12469,52.436453,37.904610
Natasha Glass,26,Robbins Center,East Richard,Indiana,07621,54.128080,-62.926369
Brittany Soto,25,Kiara Points,New April,Maryland,11392,-49.980408,-64.533670
Samantha Briggs,43,Kelly Falls,Dudleyfort,Maryland,97333,-30.994855,-77.041984
Julia Flores,76,Edward Orchard,North Patrickfurt,Illinois,97903,60.145342,-88.5345265
Christopher Huff,27,Miller Harbors,Lake Nicholas,Alaska,17798,-114.739091,-11.285423
David Poole,24,Mendoza Greens,Port Frankview,California,85396,-141.179510,-4.692529
Amanda Campbell,79,Butler Meadow,Brucemouth,Iowa,65148,-11.604447,-20.5883065
Angela Pratt,26,Paul Canyon,East Marcoville,Minnesota,76286,-20.295112,68.8099435
James Bowman,69,Johnson Estate,Taylorville,Michigan,36041,-167.321080,62.541311
Noah Hill,34,Richard Lane,Edwardside,West Virginia,00802,-173.610217,54.219657
Jordan Robinson,45,Kelly Spring,Christineville,New Hampshire,43580,2.953115,-25.446388
Anthony Wright,52,Mark Wells,Morrisbury,Kentucky,45243,80.103990,44.145333
Brenda Campbell,53,Philip Ford,Caseyberg,Kansas,48403,143.912045,42.717955
Glenn King,58,Ronnie Dale,North Jeffreyburgh,Tennessee,34690,-24.017760,-69.687266
Rose Kent,72,Janice Throughway,Angelaberg,South Carolina,26693,-31.955486,45.3365085
Christopher Graves,69,Heather Motorway,Michaelshire,Hawaii,21341,28.187111,-83.390622
Marcus Dickerson,29,Jerry Club,Gregoryborough,South Dakota,58397,-169.448886,-0.107584
Martha Garcia,68,Elizabeth Pass,Payneshire,Maryland,87610,-157.913591,-69.1058315
Matthew Rodriguez DDS,63,Ronald Falls,North Kevinburgh,South Dakota,55825,19.087797,39.045513
Katherine Martinez,69,Hamilton Villages,West Mary,Florida,61471,133.202221,-40.582795
Zachary Mason,20,Peter Course,Yorkville,North Carolina,35275,-5.808534,25.4394355
Madison Ross,44,Daniel Gateway,Alisonville,Kentucky,51528,-13.735373,87.7929475
Sarah Rangel,72,Emily Spring,Cameronbury,Maryland,64834,53.643027,-67.9943405
Shelly Ramsey MD,79,Jimmy Extensions,Gibsonchester,Mississippi,98472,134.404957,26.641844
Andrea Rodriguez,40,Alfred Walk,Jerrymouth,North Dakota,89564,-97.993786,-16.794990
Jason Taylor,66,Jordan Bridge,New Cynthia,Michigan,70274,163.131408,2.935873
Terry Collins,61,Howard Court,Wrightville,Missouri,36606,3.400037,-67.073787
John Perez,68,Nichole Ports,Lake Amymouth,Texas,54156,59.776593,-27.0429975
Joel Anderson,64,Knapp Turnpike,Roberthaven,Oklahoma,88541,34.014412,57.379926
Courtney Avery,32,Harper Harbors,Lake Jacob,New Mexico,58037,-20.840355,-0.814738
Nathaniel Jackson,33,Duncan Drive,West Angelamouth,Wyoming,63141,-169.278646,49.9945625
Angela Cruz,61,Laura Forges,Powersview,Oregon,55569,-0.463046,-1.5627815
Tyler Acevedo,79,Benjamin Trail,Fryshire,Indiana,89948,16.050415,9.540170
Alexis Payne,24,Jacqueline Groves,Howardberg,West Virginia,24234,76.908244,44.616321
Joel Berry,40,Juarez Harbor,Lake Ashlee,Rhode Island,20980,-43.693749,24.836116
Tiffany Stevenson,74,Kimberly Fall,New Ryan,Nevada,85894,-159.173234,-19.9884785
Kimberly Lawrence,33,Natalie Drive,North Saraport,Wisconsin,45651,127.057087,-11.7070945
Mary Hawkins,37,Angela Hills,Annettehaven,Louisiana,93231,41.574251,32.924864
Alexis Roberts,44,Karen Burgs,New Jonathon,Arkansas,04826,-174.659926,8.204670
Kelsey Smith,67,Burns Forges,Williamsview,South Dakota,18325,-35.194373,13.029448
Katie Harris,31,Mcdowell Ferry,Weissport,North Dakota,80013,-60.414134,-46.8747715
Heather Garrison,36,John Wall,Ronaldburgh,Missouri,81290,-100.989609,89.356544
Danielle Butler,39,Mckay Spring,North Brendaton,Maine,11284,-176.497115,-36.296372
George Moran,31,Shelly Manor,New Tinaville,Wyoming,44088,157.099360,-76.870503
Danielle Lopez,58,Dawn Estate,New Charles,South Dakota,04372,102.323415,-52.175965
Jason Cook,57,Kelly Prairie,Patrickchester,Colorado,56472,-146.687557,40.6145485
Douglas Thomas,76,Michael Prairie,Rayfort,Idaho,01325,-64.346720,87.063724
Timothy Allen,47,Smith Turnpike,Kellyview,Iowa,37249,-84.909248,-70.1027865
Joshua Campbell,22,Ashley Stream,Owensbury,Montana,25899,-82.764431,50.4518735
Eric Diaz,36,Jason Forest,Austintown,Georgia,63061,158.644157,23.173154
David Baker,47,Doyle Terrace,Jonathanmouth,Oregon,61647,-4.043356,1.4005445
Catherine Reeves,68,Julia Knoll,Meganbury,North Carolina,15874,-130.002392,-31.935265
Tristan Arias,72,James Avenue,Rodriguezfort,Maine,95005,-61.325046,35.0360795
Thomas Curtis,33,Shepherd Points,Port Sara,Indiana,04603,-125.745831,-11.404794
Catherine Meadows,64,Estes Club,Fishertown,Oklahoma,61523,-74.661813,3.0707495
Nicholas Schroeder,50,Abigail Way,West Matthew,North Carolina,54657,-12.186553,-33.6627515
Zoe Jones,44,James Unions,Johnsonbury,Utah,99628,56.582292,-16.534413
James Baker,75,Jackson Trail,Lake Tinachester,Wyoming,48279,-8.760363,-54.937283
William Robbins,50,Sherry Forest,New Javierview,Utah,44286,92.393086,26.868096
Eric Daniels,54,Willie Highway,Rodriguezport,Rhode Island,61159,130.049066,64.825805
Christopher Hendricks,72,Justin Rapids,Fowlerville,Louisiana,89004,-132.274167,-74.8005055
Tracy Coleman,32,Warner Parkways,Jonesville,Rhode Island,42948,-140.925385,-51.0686705
Hector Wheeler,39,Alexa Tunnel,Jenkinsfort,Pennsylvania,18684,163.696314,-60.7129895
Laura Smith,37,Hailey Ville,New Nicole,New York,52714,58.219640,-74.6980005
Michael Estrada,71,Jackson Landing,Davidborough,Montana,59792,37.452138,-88.2256145
Kyle Brown,23,Barton Junctions,East Connie,Florida,38830,167.825180,-6.604172
Misty Russell,44,Darrell Parkways,East Mariafurt,Kentucky,27839,38.775776,46.598648
Jared Alexander,33,Rodgers Skyway,Aguilarside,Indiana,73098,85.514476,53.5457625
Jeff Mann,48,Mark Forest,North Sean,New York,88900,-101.551121,25.8098775
Amanda Freeman,29,Rodgers Via,New Holly,Maryland,80310,-66.462108,-40.783069
George Jackson,58,Miller Fort,Jacksonfort,Nevada,63241,-84.783171,1.8050265
Rick Baker,26,Beth Stream,New Michael,Pennsylvania,86171,55.396738,6.6946005
Alyssa Smith,21,Theresa Springs,New Josephville,Wisconsin,85748,43.646257,77.8109355
Michelle Johnson,48,Chambers Lakes,East Stephaniehaven,West Virginia,31782,-151.143657,-6.1054265
Jenna Davidson,36,Payne Terrace,Williamsland,Ohio,34264,-113.772146,-11.6870795
Michelle Chavez,22,Sherman Brook,Terriport,Missouri,34118,-101.442874,61.9450795
Michael Bailey,29,Jamie Stream,New Katelyn,Ohio,08632,-126.030915,-29.3652905
Jill Parks,63,Conley Corner,Allenbury,North Dakota,35489,159.756833,-44.449779
Ashley Benson,61,Mary Flats,East Davidchester,Kansas,70322,-116.371782,-5.9529145
Gary Quinn,70,Jones Extensions,Lake Kelseyburgh,West Virginia,88261,-169.008079,50.1059535
Audrey Barnett,80,Sandoval Spur,North Desireemouth,Missouri,86024,-91.233822,-4.3918225
Tammy Edwards,41,Burns Rest,New Christina,Utah,12491,83.529022,76.2566115
James Hancock,21,Holloway Light,South Juliashire,Wyoming,53296,106.805219,-11.0531115
Michael Parker MD,56,Lisa Tunnel,Maynardland,Nebraska,77438,92.155827,-34.2250975
Kyle Mccoy,67,Cook Extension,East Deborahview,Virginia,15065,68.688158,71.488645
Matthew Le,66,Lawrence Forest,East Debramouth,California,74934,138.596942,-71.9911725
Dylan Graham III,24,Brooks Port,South Alexander,Pennsylvania,86002,155.351643,52.5086735
Dennis Taylor,67,Williams Road,Barberfort,Iowa,20675,-74.732330,-26.3473615
Michael Williamson,69,John Row,Lake Janiceland,West Virginia,76076,7.122131,61.0882655
Donna Garcia,24,Robert Parks,West Julie,New York,93402,131.188134,16.986144
Crystal Moore,67,Natasha Shoal,East Renee,North Carolina,82667,-87.258890,0.085540
Julie Garza,23,Peter Stream,New Samantha,North Carolina,19671,-110.316606,-44.958636
Denise Riggs,67,Jodi Glens,Jonesport,Alaska,41895,-33.818867,61.651451
Raymond Porter,72,Logan Wall,Murphyton,New Hampshire,48955,68.016259,64.1887165
Michael Miller,67,Vazquez Avenue,West Debra,New York,13600,-52.977326,-34.5871565
Andrew Smith,74,Price Camp,Klineland,Iowa,70120,-45.277060,31.761121
Jason Hudson,24,Grimes Crossroad,Port Pamland,North Carolina,16837,-133.740490,52.149653
Darin Nguyen,53,Cristina Trail,Port Robertland,Rhode Island,43812,4.089351,49.207994
Thomas Robinson,36,Victoria Fork,Hardingview,Hawaii,35613,-66.233309,-83.3995745
Kenneth Bailey,32,Robertson Forks,Sandrastad,Massachusetts,74410,109.917366,77.379173
Kenneth Carrillo,75,Murphy Roads,East Dianefort,South Carolina,94527,-164.509961,56.1919515
Karen Rojas,68,Thomas Cove,Jamieberg,Maryland,06646,31.868606,-16.177255
Misty Jones,43,George Station,South Andreahaven,Virginia,56217,-141.879679,-8.7878045
Tonya Morton,33,Wells Brook,Laurenhaven,Tennessee,65480,66.157844,-58.901557
Mark Sawyer,56,Craig Curve,Duffytown,Wyoming,11671,108.399617,37.404373
Stephanie Rogers,71,Jacqueline Junctions,Jameston,South Carolina,87922,163.329655,52.1134525
Chad Johnson,59,Dillon Avenue,Davidside,Oregon,32379,101.238777,-0.809216
Rachel Garcia,58,Martinez Track,Johnfurt,Missouri,99091,150.897750,31.2990415
Jane Robles,71,Massey Road,Joelland,Kentucky,01657,-20.579953,51.1401885
Dr. John Liu,35,Alexa Cove,Longtown,Minnesota,01555,-80.894725,66.4533805
John Snyder,22,Cynthia Expressway,South Robert,Kansas,23576,-10.573025,-44.829861
Joanna Andrade,40,Cameron River,Danielville,Idaho,25204,-56.551864,-54.8338535
Albert Johnson,41,Brittney Stravenue,North Peter,Hawaii,27540,-13.865024,26.0247365
Joan Gibson,61,Leslie Viaduct,Leslieshire,Connecticut,80834,-66.593845,72.0669435
Renee Henson,66,Hamilton Station,Port Michael,Minnesota,44559,-171.911630,2.2714315
Manuel Sullivan,18,Green Summit,Port Denise,West Virginia,62347,-162.139165,-44.607534
Kevin Hernandez,32,Dawn Creek,West Matthew,Iowa,59902,-44.854616,-12.688340
Pamela Miller,36,Sarah Roads,Thomasside,Idaho,33946,22.999790,-88.255653
Sara Meyer,35,Joseph Crossing,West Williamberg,Rhode Island,58750,-101.510756,-87.693139
Edward Brown,61,Marquez Trafficway,Rivasmouth,Ohio,27635,-75.635143,13.764955
Stacy Brown,57,Roberts Well,Christinaburgh,New Mexico,01494,-29.990365,22.985779
Michael Taylor,46,Heather Ford,Donnaport,Idaho,73379,90.545583,-3.7616175
Erika Henderson,56,Fowler Burg,Port Brian,Missouri,84333,-149.061464,11.2150205
Hannah Sullivan,19,Harris Lake,East Jerryview,Indiana,36379,79.772209,-53.342899
Wayne Oneal,27,Conner Dale,East Henrystad,Texas,08095,37.979627,80.665200
Steven Reynolds,40,Alexandria Ways,Lake Patrickburgh,North Dakota,13016,147.924785,53.261969
Leon Bowers,59,Whitney Key,South Rachelville,Iowa,82754,110.925613,24.476460
Heather Norton,52,Chelsea Hills,Danielland,New York,92624,-111.419750,-3.2498485
Lindsay Gray,64,James Canyon,Bakerport,Massachusetts,38266,-100.722357,20.5178825
Emily Parks,42,Garrett Bridge,Adamston,Kentucky,96930,52.557142,23.1443125
Stephanie Obrien,21,Hall Corner,South Shawnfurt,Mississippi,22207,162.470776,-82.091327
Victoria Bender,70,Moore Ville,Spencerborough,Washington,47674,39.174033,-53.6112675
Aaron Vang,71,Wayne Circles,Kellyton,Missouri,48937,-114.231573,65.7567965
Erika Pena,50,Jacob Rapids,Whiteshire,Missouri,40461,-33.402518,-63.6973235
Shelley Freeman,26,Mcclure Forges,West Williamfurt,Hawaii,66053,-116.308493,2.616438
Joe Smith DDS,79,Allen Mount,Ramirezhaven,Utah,88459,-10.562230,-56.4243325
Amy Edwards,29,Rebecca Wall,Tinamouth,Oklahoma,22625,-143.944602,45.865696
Melissa Turner,43,Mcclain Ways,Burnstown,Indiana,23675,-73.768310,-34.833097
Dr. Ian Baker,43,Duran Causeway,Jenniferville,Montana,00583,10.276990,-28.010597
Sean Wolf,58,Paula Port,East Jenniferstad,Oregon,71192,179.201788,55.154449
Heather Woods,24,Thompson Camp,West Autumn,Alaska,13615,-69.849696,80.605338
David Young,20,Lindsey Cliff,Barnesview,Oregon,78061,38.122187,-55.350423
David Morrow,42,Santos Club,East Crystal,Pennsylvania,54831,-52.304817,-10.3432755
Wesley Watts,65,Beasley Road,New James,New Hampshire,18374,20.276302,-54.3555205
Stephanie Browning,74,Whitney Coves,North Drewview,Kansas,00627,164.291525,62.2141865
Jennifer Rogers,36,Kimberly Forks,New Theresatown,Massachusetts,04799,130.711492,76.8709725
Denise Pace DDS,71,Valencia Roads,Crystalborough,Nevada,08050,33.447028,-38.2959855
Kimberly Sanchez,79,Gary Summit,North Bradleyburgh,Alabama,58834,-170.881022,-38.346792
Gary Dickson,18,Stephanie Points,Rebeccamouth,New Mexico,60420,-80.314925,0.6481075
Mr. James Miller,37,Anthony Isle,South Christinaton,Florida,75849,104.689747,-7.195044
Robin Sherman,53,Ferguson Isle,New Shelbyberg,Oklahoma,75347,105.438792,-72.7422125
Raymond Henson,27,Renee Divide,Nelsonport,Pennsylvania,42648,-113.514593,-16.738461
Jasmine Li,19,Johnson Courts,Chelseafort,Wisconsin,09327,-161.409091,33.828672
Courtney Haynes,30,Kim Via,Lauramouth,Vermont,95906,127.238076,-82.688241
Donald Ortiz,22,Michael Mission,Joneston,Texas,73348,-77.877053,-35.2256815
Jennifer Norris,77,Nathan Manor,East Elizabeth,Hawaii,07277,105.252879,-27.035740
David Wilkinson,65,Walter View,Lake Melissaview,North Dakota,13359,-7.857599,35.7131795
Rachel Chapman,35,Melissa Springs,Garciamouth,West Virginia,84237,122.690102,-60.158597
Renee Robinson,19,Joseph Manor,Carlsonmouth,Florida,14015,-89.503702,-79.990932
Rachel Murillo,77,Shelly Village,Cortezborough,Nebraska,13847,-177.401065,33.371935
Eddie Fox,66,Allen Stravenue,North Thomasberg,Indiana,50705,139.490686,-63.5687375
Jason Montgomery,34,Harvey Turnpike,Lake Katherine,Ohio,18500,55.723999,15.3482925
Melanie Taylor,50,Jennifer Loaf,Howellshire,New Hampshire,91095,42.872538,63.610117
Danielle Hill,54,Shawn Vista,Lisachester,Alabama,28145,-3.041666,-65.854595
Katie Wilson,69,Shaw Mount,Rojasburgh,New Jersey,48459,57.568050,0.839411
Danny Smith,59,Mariah Lock,Singletonview,Delaware,85165,-48.155396,58.5059495
Brian Taylor,41,Kennedy Trafficway,New Alexander,Kansas,67819,-64.151907,-78.290872
Andrew Drake,80,William Mount,Lisachester,Louisiana,29046,-119.298635,-35.0962935
Richard Anderson,37,Jackson Mountain,Romanland,Missouri,30546,20.679102,-39.157997
Michael Anderson,71,Kemp Plains,Timothyfort,Oregon,96292,118.210240,30.8868265
Sarah House,41,Warner Junction,Port Rhonda,Maryland,23388,101.027884,-6.1835575
Julie Johnson,38,Durham Port,West Jenniferfurt,Utah,39204,-26.922086,-64.9149735
Nicholas Poole,23,Gilbert Glen,Robertborough,Arkansas,06262,26.575915,65.1187905
Rebecca Vargas,71,Matthew Passage,Lake Jesus,Michigan,67090,-3.315044,-88.182098
Nicholas Peterson,61,Cummings Rapids,Jameshaven,Connecticut,42391,-47.216543,24.1707595
Tiffany Simon,72,Pamela Crossing,South Brittanyberg,Washington,01211,-126.728697,-31.892539
Cynthia Ramirez,68,Shirley Lodge,Hopkinshaven,Vermont,24154,-42.012136,8.447976
Hailey Garza,70,Reed Coves,West Travis,Texas,61496,67.487669,79.752071
Nancy Walter,73,Michael Circles,Lisamouth,Michigan,10614,75.020746,-68.391997
John King,59,Tyler Court,Carlaburgh,Kentucky,32018,-173.064723,19.893597
Loretta Cook,78,Singh Mission,East Laura,Arkansas,82311,-127.302978,-54.7644255
Sonya Woodard,26,Tammy Fall,Alexanderton,South Carolina,50435,-51.466817,-86.935113
Danielle Andrews,23,Bird Meadows,Ramireztown,Rhode Island,13764,-127.678146,66.792611
Steven Liu,75,Cook Views,Caitlinburgh,Delaware,90164,96.432103,56.1899465
Jessica Strickland,34,Anderson Plains,Lake Maryton,Mississippi,51569,152.689677,-11.5433135
Erin Smith,30,Nicholas Curve,Port Levi,Nevada,91878,-148.851392,-47.859947
Andrew Short,65,Lynch Square,East Kevin,Delaware,25474,-81.699791,42.2413475
Ashley Dorsey,52,Hernandez Way,Weeksmouth,Maryland,63316,64.017560,57.7627945
Cody Keller,25,Chase Inlet,Warrenview,California,12717,-173.579292,-58.960656
James Anderson,78,Owens Port,Brownbury,Georgia,48531,163.983078,-9.0903225
Theresa Poole,33,Floyd Station,Nicolehaven,Florida,38205,104.227341,-59.564207
Thomas Calderon,34,Owens Ridge,Tateberg,Illinois,54494,-166.501410,86.620087
David Smith,64,Hoffman Passage,Smithmouth,West Virginia,05106,89.450485,7.916766
Mr. Roberto Harris III,40,Sheila Shoal,Port Aimee,Louisiana,56007,-54.323304,-71.1927745
Natasha Mccoy,68,Laura Track,Rebeccabury,New York,70529,-172.866835,-2.112689
John Ford,75,Foster Shores,Ashleybury,Alabama,04058,170.508194,46.6480485
Brandon Suarez,42,Roberto Ferry,East Mercedes,Nevada,96998,167.969720,67.486952
David Arnold,49,Gomez Unions,Krauseland,Washington,92946,-70.510951,-68.1617955
Teresa Cross,21,Benjamin Trafficway,Peterfurt,New Jersey,38322,-80.357074,58.218698
Melinda Smith,78,Walker Ramp,Ingramtown,Nebraska,24018,108.151956,-60.896132
Kent Gillespie,57,Tammy Park,Lake Jennifer,Rhode Island,37014,50.160375,-28.4043395
Andrea Fleming,80,Lane Rapid,East Megantown,New Hampshire,39063,134.200762,46.9708165
Kurt Wolf,18,Deborah Turnpike,Halefort,Iowa,50014,-65.699940,-72.838375
Allison Ball,33,Richard Trail,Jenniferport,Kansas,31617,81.950413,56.779124
Amanda Montgomery,40,Monroe Way,Heidimouth,Kentucky,57735,-53.482440,68.643795
Dustin Goodwin,29,Rodgers Parkways,New Aprilview,Michigan,98705,98.648920,52.393803
Darius Porter,66,David Trace,Lake Heather,Nebraska,30981,-3.741178,-73.292394
Robert Carter,65,Daniel Prairie,Angelafort,Hawaii,69669,-39.975396,-38.9609475
Alexandra Becker,20,Colon Center,Williamsmouth,Michigan,45042,-83.726550,73.8088285
Amanda Taylor,67,Morales Bypass,Darrylhaven,Arkansas,44338,-118.723369,43.5192935
Adrienne Thompson,25,Brandi Skyway,New Dwaynetown,California,83611,-46.637443,87.2291405
Erika Hansen,60,Lewis Wall,Sandersbury,Ohio,32318,-74.740211,19.120254
Dalton Lopez,42,Marc Row,South Michaeltown,Louisiana,23288,-52.808816,-76.015821
Melissa Greer,56,Kerri Creek,Jamesport,Maine,42819,164.249574,-60.3239425
Ryan Fisher,55,Morgan Glens,Fernandezfurt,Pennsylvania,45453,-57.957845,14.557741
Terry Martinez,79,Gloria Summit,South Kristinchester,Indiana,30021,10.184369,13.1375765
Robert Evans,78,Barnes Union,Sheilastad,Missouri,74539,-64.596724,35.0282745
Kristina Jones,76,Juan View,Joshuaberg,North Dakota,83528,-26.818172,42.6184295
Chase Manning,53,Carpenter Row,North Jasonland,South Dakota,37620,-68.987660,4.091635
Trevor Thompson,29,Reed Spring,Terryland,Massachusetts,90628,94.780440,23.806637
Julie Joseph,64,Lauren Courts,Lake Brandonfurt,North Carolina,37705,133.736018,35.2881325
Melissa Peters,56,Leach Mountain,Wesleyberg,Hawaii,67565,17.777334,-44.125189
Dawn Johnson,58,Garcia Junctions,Tylerfurt,Wisconsin,65671,179.240079,32.073204
Jeffrey Roman,70,Bailey Dale,Davidsonville,Florida,70720,63.498145,31.3350245
Scott Baird,69,Lopez Mountains,Cookebury,Florida,22063,107.950498,-17.617321
Jeremiah Parks,41,Freeman Ports,New Angelachester,Oregon,43427,-102.894462,34.189002
Cindy Waters,40,Scott Parks,New Lee,Massachusetts,49688,-16.516525,44.550626
Alexander Sanchez,58,Timothy Spring,Port Michaelstad,Louisiana,64310,132.102447,-84.651065
Miranda Cole,71,David Streets,West Stephanie,Delaware,88990,3.500649,67.6280855
Alexis Navarro,34,Robinson Walks,South Ashley,California,94218,29.404070,-81.6430615
Daniel Lopez,69,Macias Plaza,West Faith,Maryland,05396,-76.453211,-53.944826
Peggy Anderson,80,Nicole Pass,Boyleborough,Arkansas,64969,-70.272584,-66.495862
Donna Holmes,18,Velez Ranch,Amberfurt,New Jersey,46248,132.623589,66.9678025
Roy Taylor,62,Stephenson Road,Serranoborough,Vermont,92358,148.016287,-39.877414
Kimberly Wilkinson,64,David Ramp,North Shaneshire,Arizona,47779,81.491960,-13.0922185
Jesse Casey,22,Ali Court,Ginastad,Maryland,18258,164.768187,-48.435617
Alex Reed,73,Chad Knoll,North Christophermouth,New York,13971,72.399749,-74.119510
Linda Martin,79,Johnston Causeway,North Samuel,Delaware,09595,154.175915,74.8567675
Michelle Ramirez,57,Thompson Fields,New Tiffany,Maine,05145,-58.670839,-77.558563
Benjamin Howe,41,David Mountains,New Brandon,Texas,42176,15.660912,-56.0357315
Kevin Miller,39,Jennifer Islands,New Bryan,Utah,25414,171.388657,68.870155
Rita Christensen,49,Matthew Highway,Lake Juan,New Mexico,64178,9.255639,72.1079135
John Villegas,46,Miller Harbors,Millerburgh,Hawaii,09543,-25.364679,88.582439
Stephanie Ray,58,Lawrence Center,Tylermouth,Indiana,64921,-103.963938,-12.8705845
Kimberly Hall,63,Aaron Estate,Port Tracyview,Nebraska,37866,-39.929133,-61.3560695
David Allen,60,Kennedy Hills,Morenoland,Alabama,46407,-170.089473,-9.8821305
Mark Love,33,Wendy Rest,Michaeltown,Vermont,06430,-126.140759,-88.6812525
Carolyn Ramos,64,Anthony Club,Catherineburgh,North Carolina,01778,52.359630,-16.4354655
Isaiah Roberts,26,Perez Lodge,Lindseyhaven,New Hampshire,09266,-168.705544,4.736912
Bradley Anderson,46,Kirk Haven,Justinside,Minnesota,79796,-15.265015,30.517512
Mark May,38,Sandra Trail,Hobbschester,Kentucky,93480,-44.177994,5.939171
Daniel Smith,75,Oneill Pike,Leachview,Iowa,59030,166.273171,89.018607
Jeffrey Gonzalez,52,Courtney Route,Port Lisachester,Florida,33661,149.046692,-50.462742
Blake Garcia,35,Reed Viaduct,Fieldsbury,Virginia,64752,89.522576,64.4887935
Carl Miles,70,Sexton Highway,Butlershire,Maine,01494,-129.564583,-66.3355965
Erica Herrera,19,Nicholson Passage,Andrewsberg,Minnesota,21473,5.865079,-36.8236635
Brett Romero,46,Mcmahon Glens,Port Annaberg,Arizona,80496,116.516948,79.9686505
Mandy Smith,40,Owens Isle,East Markside,Georgia,20197,-47.547053,64.508219
Helen Perry,26,Maria Track,Davidside,Massachusetts,94744,-56.715077,-87.6745865
Charles Hartman,28,Peter Inlet,South Williamside,New Hampshire,86365,-49.680751,29.2907595
Brenda Gray,74,Duncan Viaduct,New Diana,Virginia,30378,76.837000,-72.133504
Mr. Thomas Andrews,54,Zachary Motorway,New Josephburgh,Florida,07961,-57.830280,-33.9736875
Tamara Bowman,76,Wright Fall,South Elizabethburgh,Ohio,70606,70.290028,-77.854033
Daniel Reyes,20,Gabriel Plain,West Adam,Massachusetts,76302,97.031798,-73.6988075
Joanna Rowland,43,Tracy Crossroad,West Austin,Wyoming,09506,-74.802056,36.257879
Tiffany Martin,64,Gonzalez Island,Lake Jessica,New Jersey,95308,120.866410,51.904299
Edwin Larson,28,Emily Corner,South Cynthiatown,Illinois,70746,62.902312,12.0164835
Kristine Martinez,46,Ross Mountain,Joshuabury,New Mexico,96255,-154.655887,-75.390595
Colleen Rose,59,Ashley Landing,New Zacharychester,New Hampshire,83768,-120.607890,85.8234945
Henry Stanley,69,Jennifer Plains,Port Mikeberg,Vermont,75400,-76.490301,-65.778925
Douglas Koch,30,Christina Union,Johnmouth,Montana,34663,60.656866,71.4978605
Kimberly Jimenez,46,Michael Street,North Michelebury,Colorado,32468,-112.585455,84.3638185
Rachel Johnson,46,Sanders Lock,New Benjamin,Montana,10435,-25.727422,-73.0233895
Edward Branch,39,Brandon Mountains,Port Raymond,Minnesota,07040,170.694384,-33.3867955
Thomas Mckenzie,32,Brown Cliff,Murphychester,Hawaii,04583,-21.204044,35.365110
Juan Clark,19,Antonio Path,North Elizabeth,New Jersey,91380,-116.017204,-55.614564
Abigail Simmons,30,Cynthia Isle,Leonardside,Iowa,75243,105.958786,2.986322
Laura Jacobs,25,Roy Flats,Katherinetown,California,49278,-65.952917,-6.095330
Gregory Solomon,71,Quinn Way,South Cassandramouth,North Carolina,35090,64.265267,-4.5976475
Stacey Klein,21,Wagner Ramp,New Chadport,Alaska,39190,51.056363,-45.6688555
Taylor Brown,57,Ashley Dale,Keithmouth,Hawaii,42255,106.706069,-80.0433245
Christina Torres,53,Porter Corners,Stevenshire,Georgia,00975,-18.880021,36.474718
Joseph Hampton,62,Thompson Unions,Port Thomas,Connecticut,47247,-111.952330,-65.5735355
Donald Schmidt,53,Brandon Fork,Swansonborough,Iowa,82267,-162.302550,-59.136494
Jaime Bryant,52,Anderson Parkways,Scottside,Nebraska,92548,-76.303165,-62.038577
Morgan Pham,42,Jacob Groves,Andersonview,Nevada,93243,-57.295871,-20.4613595
Joanna Spencer,52,Myers Ridge,Williamburgh,New Mexico,30740,58.947281,-45.4663625
Darin Fox,46,Diane Rue,Robertfurt,Florida,30378,-45.913616,6.647671
Thomas Townsend,28,Mcbride Haven,South David,South Carolina,50576,-153.410478,-63.589140
Timothy Ruiz,36,Kristine Courts,Wayneberg,Oregon,48100,-61.996610,7.299345
Luke Davis,60,George Harbors,Port Donald,Mississippi,06191,31.011009,67.8716795
Donna Martinez,49,Austin Ports,Marshport,Ohio,54975,-124.864697,14.182836
Travis Hernandez,49,Ritter Cliff,East Carlville,South Dakota,41574,57.094307,39.7489755
Jordan Carlson,38,Fox Curve,Parkerland,Texas,25357,-116.770546,18.7425405
Christopher Miranda,63,Washington Trail,Lake Jamesfurt,Oregon,77473,-127.477819,8.1859485
Carolyn Carey,19,Knapp Mountains,South Mikaylaberg,Massachusetts,09309,126.550449,18.7648285
Donna Black,35,Patricia Forks,Atkinsmouth,Ohio,81861,31.112761,-70.9377745
Nicole Mcclain,62,Jeremy Plaza,Lake Leslieborough,Virginia,36031,70.049333,-83.9002565
Ian Rivera,80,William Pine,North Faith,Arizona,33596,97.085613,-56.3107295
Michelle Berry,24,Jamie Drive,East Joseph,New Hampshire,26520,-154.633058,-35.6251385
John Wells,30,Smith Forest,Port Rachel,West Virginia,32755,-116.087440,61.821823
Lisa Tanner,65,Maria Trafficway,Hillton,Louisiana,54824,-110.469427,38.8759385
Keith Aguirre,42,Wilson Plains,West David,Tennessee,20118,-6.273393,-81.277519
Shaun Combs,79,Hardin Islands,Port Michaelville,North Carolina,92012,100.930665,44.498533
Adrienne Hodges,35,Joseph Stravenue,Ericmouth,Rhode Island,60806,162.970565,-5.725715
April Reyes,80,Le Flat,New Bryan,Arizona,65892,-178.802219,83.532728
Heather Carey,24,Flores Walk,Lake Michaelberg,Louisiana,99056,111.088334,-13.2907355
Frank Daniels,36,Stephanie Ranch,Hannahfort,Texas,34061,144.771440,88.7755015
Ms. Stephanie Wall,26,Jones Views,Kimberlyfurt,Minnesota,66864,26.135456,-79.657138
Brandon Collins,21,Scott Parkways,Lake Jeremyburgh,Oregon,40338,123.198917,27.2267575
Christopher Clayton,56,Sherri Lights,Mccarthychester,New York,83561,-77.753646,6.590522
William Pacheco,23,Bridges Circle,South Mariefurt,Hawaii,82752,-146.479916,62.703883
Carolyn Rodriguez,64,Kristy Port,Butlershire,New York,98313,-24.488947,-54.812195
Jennifer Lopez,46,Elizabeth Turnpike,Amberhaven,North Carolina,92842,-14.777204,-41.5140745
David Smith,76,Jessica Ville,Ericborough,Alabama,36252,-142.682662,-29.8512835
Jason Smith,73,Anna Plains,New Ericshire,California,56528,44.603088,5.622163
Justin Jackson,18,Brown Glens,Masseyland,Indiana,95110,139.880412,58.353914
Cameron Soto,37,Alvarado Passage,Kimberlyville,Wisconsin,19662,11.318719,-76.0264055
Amy Jones,80,Sweeney Fields,New Juliaside,Wyoming,58323,-10.943570,-8.2971185
Jordan Aguilar,70,Jenkins Harbor,Christianside,Kentucky,72568,59.639168,-68.0302445
Michael Hogan,38,Grant Island,North Natalie,Hawaii,75476,136.774658,54.828347
Ruth Anderson,22,Ashley Key,Colliermouth,Illinois,11260,134.634431,19.8606395
Oscar Warren,35,Kevin Isle,Stevenport,Kansas,67721,93.821637,23.683560
Thomas Shepherd,41,Krystal Causeway,South Teresaton,New Mexico,81118,-15.371322,42.5276405
Teresa Terry,67,Reese Manors,West Annaport,Michigan,75806,146.132336,-14.8016565
John Paul,66,Christopher Field,New Kayla,Hawaii,41205,17.747321,14.669985
Julie Dean,41,Brianna Stravenue,Torrestown,Colorado,66566,-87.107738,-86.210624
Matthew Frazier,27,Li Road,Millerborough,Montana,85894,21.632232,51.054079
Helen Hunt,22,Danielle Plaza,Port Brianborough,Iowa,42569,-72.619293,-79.882490
Carolyn Johnson,22,Cross Plaza,South Trevorhaven,New Jersey,70242,154.730822,-27.258141
Michael Moore,75,Paul Village,Kiaraville,New Jersey,61384,9.266947,35.854140
Daniel Gregory,55,Adam Stream,Port Raymondbury,Michigan,98209,-63.890939,-29.736046
Robert Morris,31,Brown Mission,Martinfurt,Arizona,35246,29.177180,88.9480165
David Reed,62,Fitzgerald Creek,Timothyburgh,Michigan,66497,-8.225680,-55.9466655
Amy Cobb,62,Guerrero Ramp,South Rachel,Utah,88613,177.720933,-51.670206
Jason Goodman,47,Tapia Summit,West Pamelamouth,Rhode Island,29647,114.723810,-13.059142
Jose Marshall,24,Kathryn Burgs,Woodwardchester,Connecticut,00587,-89.151019,-0.663781
James Lopez,18,Mindy Forge,South Hayley,Illinois,96587,35.192467,-51.2410315
Ashley Sexton,49,Melissa Hollow,South Sandraville,Vermont,21658,-18.370325,-25.680013
Brittany Thomas,37,Sara Prairie,South Jason,New Mexico,93006,119.553818,-60.650419
Lauren Parker,75,Reese Islands,Port Johnburgh,Louisiana,52205,-146.464770,-73.4580405
Barry Medina,65,Roberto Common,West Jose,Virginia,96266,-174.789359,71.8001515
Kristi Newton,22,Patty Stream,Tylermouth,Indiana,93131,-132.929752,-64.4073505
Jill Miller,62,Schwartz Locks,Port Michael,Arkansas,90098,-120.722665,63.3964395
Brandy Taylor,37,Lambert Radial,Griffithfurt,Wyoming,19498,106.764106,-67.988734
Luis Smith,67,David Crescent,New Randallbury,Mississippi,49729,-125.342132,-58.594494
Kristen Foster,65,Baldwin Rest,Benitezton,North Carolina,06769,-106.676321,-69.901851
Barbara Matthews,76,Renee Knoll,South Devinside,Alaska,70222,125.257534,-41.1800745
Brandon Wright,37,Galloway Tunnel,East Danielleland,Maine,52655,-122.626404,-68.5558835
Richard Evans,33,Walter Drives,Ochoaside,Rhode Island,84895,51.272190,45.257706
Brandon Jones,65,Max Squares,North Johnberg,New Jersey,91349,14.113686,50.832715
Scott Hardy,18,Julie Ports,Carterside,Arizona,79651,-4.430881,15.634764
Scott Casey,27,Ross Prairie,East Dennis,North Carolina,43374,-178.747101,-27.8849945
Courtney Soto,63,Dean Path,Crystalfort,California,18706,163.236794,35.3629575
Joseph Pena,68,Lynn Meadow,Orrhaven,Idaho,79347,137.835526,89.4687615
Dawn Willis,74,Ramsey Roads,East Arthur,Delaware,61688,-62.389292,-13.9713355
Steven Weaver,49,Dustin Corners,Martinfort,Missouri,34837,63.966521,34.084492
Dawn Campbell,56,Madison Groves,North Christie,West Virginia,90448,-31.785637,2.774640
Sonya Pitts,37,Johnson Prairie,South Brandonville,South Dakota,46109,-42.152264,26.8939775
Steven Johnson,43,Young Estates,Freemanmouth,Ohio,93536,130.184963,19.6016735
Kimberly Morris,60,Daniel Station,Hudsonfurt,Pennsylvania,74973,-143.315144,38.2623835
Nancy Sawyer,68,Garcia Ridges,Port Alyssa,South Carolina,80005,56.209747,6.167560
Julia Rivera,21,Anthony Union,North Maureenmouth,Georgia,69849,142.076646,-28.052106
Marissa Clements,56,Clark Wall,Port Brettport,New York,66457,30.540801,-36.4182065
Christopher Rowe,24,Rosales Dale,Erikstad,Wyoming,12784,167.722226,64.217472
Anthony Li,77,Robert Island,Kentborough,Delaware,76709,141.711278,-15.605641
Jamie Martinez,24,Mack Isle,Ashleymouth,North Dakota,78727,-44.557839,70.991273
George Norton,33,Lauren Landing,Thorntonport,Kentucky,47102,31.443652,86.9791905
Angela Moore,68,Padilla Hill,Nicholasmouth,Delaware,35633,178.536796,58.085188
Alexandra Curry,78,Cody Estates,Port Anthonyborough,Virginia,12234,106.429547,53.270498
Kevin Cooke,46,Brian Divide,Lindashire,Wyoming,12087,-131.292751,24.6098605
Jason Mcintyre,72,Douglas Summit,South Natalieberg,Minnesota,51936,-5.290639,-27.256861
Heather Martinez,18,Robert Forge,Port Amberton,Virginia,72840,115.646193,-59.5728475
Rachel Rowe,69,Lisa Street,Lake Dawnview,South Dakota,84418,-4.649091,69.176857
Angela Cooper,68,Santana Crossroad,Port Nicholas,Maine,53004,-34.059661,-69.7421615
Melissa Nielsen,72,Megan Manor,Robertfurt,Oklahoma,13896,56.578906,51.961435
Linda Morrison,56,Margaret Mills,Barrerafurt,West Virginia,33013,170.891292,34.098733
Christina Villegas,77,Parks Harbors,Donnafurt,Nevada,09758,-0.866596,-89.2920705
Robert Pearson,30,Ryan Light,Port Jamesberg,Rhode Island,35553,-110.926051,57.0900035
Christopher Jackson,48,Jones Rue,Lake Alexanderhaven,Massachusetts,56656,-165.028345,76.9732395
Darrell Leonard,47,Brian Lock,Lake Toddborough,Hawaii,11381,-62.532858,80.754994
Karen Lopez,49,Jacqueline Lights,Lake Michaelmouth,Tennessee,97181,87.512761,78.534683
Melissa Crane,37,Melissa Avenue,Wayneshire,Wisconsin,33991,79.907365,-57.027237
Paul Woodard PhD,61,Gary Stravenue,Port Pamela,West Virginia,65351,-4.970547,-25.3955995
Kristopher Hernandez,35,Jackson Corners,Lake Sarahshire,New Mexico,45924,168.716930,84.3487345
Brenda Ford MD,54,James Knoll,North Brittany,Montana,36652,179.117581,-15.804552
Jessica Leonard,63,Claudia Villages,Christyton,Hawaii,21285,-2.630226,60.130822
Amanda Williams,31,Kayla Forks,Lake Brettmouth,Washington,24473,-134.955281,-51.755411
Christine Simmons,80,Robin Gateway,Hallborough,Wyoming,40299,171.986405,-77.9291785
Miss Tonya Nelson MD,46,David Neck,North Laura,Massachusetts,08881,95.768254,-58.4129785
Dr. Cody Medina,79,Michael Orchard,Lake Blakefurt,Iowa,63226,56.975001,-3.106155
Ashley Hale,40,Phillip Manors,Sanchezmouth,New Jersey,73335,-77.244780,-78.057943
Alan Stewart,38,Erickson Ville,Robertton,South Carolina,23440,134.245684,49.3518745
Tina Freeman DDS,70,Nelson Mountain,North Stephanieberg,North Dakota,76310,157.065767,4.735296
Kevin Davis,31,Alexa Ramp,Victoriastad,Montana,49585,127.287001,-22.614145
Mary Nguyen,19,Day Crest,East Michael,Minnesota,76632,-41.522872,68.0774305
Jessica Williams,76,David Corner,Davisberg,Kentucky,68997,93.991005,-46.6669175
Brandon Pham,69,Merritt Land,Port Tiffanymouth,Connecticut,37830,50.828906,-5.192123
Levi Roth,66,Bethany Row,Kennethland,Maryland,77526,-106.311138,-70.0186505
Brian Stokes,48,Brown Fords,East Bradleyville,Mississippi,31119,148.687208,-5.0924845
Victor Watson,75,Newman Club,Rodriguezberg,New Mexico,25286,-101.701553,-50.785226
Adam Walters,73,Paige Summit,Phillipsmouth,Florida,55422,149.901658,-52.618087
Denise Ball,60,Eric Stravenue,Johnsonstad,Florida,63742,56.539984,-55.2478585
Jeremy Anderson,23,Elizabeth Prairie,North Thomas,Montana,59938,56.755055,76.287910
Carl Jones,22,Diana Prairie,Michellefort,Virginia,81444,-9.095966,-49.5120845
Sarah Ryan,71,Jonathan Square,South Donna,Idaho,74294,-12.054528,-4.0826095
Benjamin Martinez,28,Randall Cape,Elizabethmouth,Florida,53928,-119.357970,69.5057795
Joseph Miller,22,Joshua Islands,Scottberg,Missouri,30515,172.201627,74.233924
Eric Garcia,72,Stephanie Center,Port Jeffreyland,Nebraska,72078,156.319010,-27.0122235
Heather Mckinney,19,Flores Field,Georgeborough,Kentucky,42457,124.130995,-49.135212
Derek Jones,18,Elizabeth Meadows,Adamsberg,Washington,70765,169.923812,-25.2446635
Charles Brown,57,Dana Prairie,Erinfurt,Montana,57183,144.726825,42.3020325
Frank Moss,56,Ruben Lodge,Port Elizabeth,Mississippi,65123,-42.742453,-77.3993735
Danielle Cruz,43,Ricky Prairie,Lawsontown,Ohio,89442,-173.765844,-61.719161
John Wallace,58,Sutton Islands,Kirbybury,Alabama,43832,25.625147,0.712152
Michael Reed,40,Beltran Knolls,Smithville,Kansas,53394,142.988159,11.487604
Megan Huynh,53,Sarah Ville,Taylorton,New Mexico,09263,4.685738,60.1862815
Zachary Rivas,22,Gardner Rapids,Kimberlyberg,North Carolina,18222,-172.931590,-46.8455275
Allen Morgan,32,Mullins Mill,East Brian,Maryland,79259,63.289201,42.402432
Christina Shelton,27,Douglas Greens,South Kathleentown,West Virginia,13160,-73.922895,68.5492875
Christopher Hunt,24,Hall Valley,Wilsonside,Vermont,46634,-166.428828,4.6519595
Dr. Antonio Stevens,73,Lori Plains,Dawnstad,Colorado,20626,-13.540654,-38.6713995
Roger Griffith,30,Angela Isle,Sherrimouth,Delaware,09613,-94.615307,-51.884511
Matthew Hughes,60,Newman Estate,Hopkinsland,Massachusetts,13277,46.763275,37.6988065
Don Johnson,64,Shannon Highway,Murrayfort,Arizona,90250,-55.858305,24.8659375
Eddie Miller,71,Paul Rapid,South Amy,California,94992,-35.587633,-33.015700
Jennifer Taylor,21,Edward Lake,Thomasview,Massachusetts,46627,8.235348,27.102117
Anthony Ortiz,45,Weaver Isle,West Erin,Nevada,86317,-98.627145,-62.1318125
Christine Beck,80,Martinez Crossroad,New Melissaland,Maine,33176,34.234889,-62.870812
Megan Cisneros,79,Diana Extension,Ashleymouth,California,32401,176.261273,-62.3903145
Christina Sexton,59,Smith Loaf,Kimberlyland,Oklahoma,52504,-124.556276,35.2341015
Michael Cruz,50,Dunn Run,South Amber,Nevada,64650,61.579527,81.579635
David Butler,29,Cook Plains,Wilsonstad,Indiana,14709,127.332944,-22.9010715
Rebecca Castillo,49,Todd Lights,New Francisco,New Jersey,53474,-17.463237,-27.3022175
David Burns,58,Sandoval View,North Joseph,North Carolina,88544,-137.478229,17.543572
David Turner,33,Campbell Brook,Lake Stephenview,Texas,91878,-82.943066,14.4236185
Joshua Washington,62,Stewart Island,Michaelfurt,Maine,67055,155.077598,-20.3768975
Seth Mitchell,21,Golden Ford,Berrymouth,Colorado,97334,32.836775,-15.660370
Jason Leonard,35,Gonzalez Shoal,Hurleyside,Pennsylvania,85372,4.313481,33.457712
Brittney Ryan,76,Anderson Ports,Lake Lindaside,West Virginia,27867,177.307761,-85.567688
Kimberly Decker,55,Kaitlin Skyway,Zhanghaven,Massachusetts,81750,38.754652,30.739767
Matthew Garcia,41,Adrian Lakes,Nancyburgh,Nebraska,28481,-135.924981,-5.924314
Norman Valdez,61,Patrick Squares,Lisamouth,California,58239,104.368694,-67.1957815
Tracy Jackson,25,Williams Ramp,New Gabriellamouth,Minnesota,85525,-75.390174,-28.762934
Richard Moore,20,Michael Glen,New Derrickmouth,Nebraska,24084,172.150110,-34.530869
Eric Morgan,23,Kevin Centers,South Michaelfurt,Minnesota,99339,-64.408283,-36.851537
Robert Torres,40,Calvin Alley,Johnmouth,Texas,10905,43.473946,56.6382775
Lydia Morris,65,Eric Lakes,Lake Miaport,New Jersey,38568,-10.927505,54.226388
William Glass,53,Olsen Island,Port Alejandra,Florida,77051,79.687464,75.176794
Jennifer Kaufman,21,Michael Ports,West Heidi,Pennsylvania,47929,-60.715651,-3.322422
Lisa Parker,25,Little Rest,Edwardmouth,Kentucky,80612,-33.204719,15.163083
Brian Thomas,77,Ronald Park,New Tylerberg,New York,73915,153.610718,-78.8791715
Matthew Medina,49,Laurie Skyway,Port Andrea,Alaska,17268,155.830207,-74.504110
Samuel Mclaughlin,25,Jennifer Haven,East Joseph,Delaware,02338,-164.161399,-53.6740735
Mark Adams,47,Tyler Islands,Salasmouth,Indiana,93501,-19.101155,50.4496445
William Mcintosh,36,Frank Junctions,Mitchellburgh,Maryland,78477,-0.440021,-47.7953665
Lisa Mccarty,62,White Square,Kellyview,Ohio,73227,-18.925650,5.538563
Hannah Wright,24,Jackson Knolls,Codychester,Wisconsin,37334,98.737312,54.0948925
Sarah Martinez,32,Barker Alley,South Megan,Kentucky,95460,60.769515,-52.9508495
Paul Beck,37,Karl Plain,Mayotown,Arizona,47785,-14.470364,9.1799015
Erica Wilkerson,53,Mccullough River,Kellershire,Michigan,29742,0.250407,-51.246403
Mark Ramirez,25,Rogers Passage,Terrihaven,Louisiana,34115,155.327747,-80.8873445
Tristan Gonzalez,19,John Overpass,North Theresa,Colorado,81759,-103.160247,-35.8329045
Megan Osborne,68,Barbara Road,North Brandon,Florida,30264,-89.365314,-31.5786925
Emily Cooper,77,Ryan Common,West Susanport,Vermont,94385,118.549696,67.071737
Cynthia Johnson,32,Joseph Knoll,South Emmaland,Kentucky,31219,143.583962,-84.9438595
Jennifer Cunningham,44,Joseph Ports,Hoffmanview,Maryland,70551,-156.554882,41.777924
Jason Arnold,40,Cooper Plains,Vaughnview,Nevada,12837,-57.364011,-9.881250
Bryan Walker,50,Baker Squares,Port Rhondafort,Montana,90357,4.687047,-77.236146
Scott Willis,20,Kayla Manor,Reevesport,Alaska,09955,-73.580102,13.7593125
Christopher Gibson,79,Jill Summit,Heidimouth,Kentucky,41966,-54.934322,24.207059
Sarah Gomez,71,Crystal Drive,Johnbury,Minnesota,25606,-132.817896,-70.4665485
Brittany Chavez,65,Cline Keys,Port Sandraville,Arkansas,62409,126.768540,-54.028853
Carolyn Martinez,37,Lewis Island,Burkemouth,Vermont,66521,167.069662,-87.2417285
Norma Evans,32,Michael Lane,Davidton,Hawaii,17959,20.420767,28.9956105
Billy Johnson,54,Adams Skyway,West Kevinhaven,Mississippi,74158,-33.988042,59.2706215
Mrs. Jacqueline Jones,78,Chambers Fields,New Steven,Louisiana,58395,-86.263420,-73.905932
Andrea Martinez,32,Nguyen Trail,Margaretside,South Carolina,16206,145.011073,62.459847
Antonio Rodriguez,26,Mack Run,Pachecoberg,Montana,92935,-78.640406,-47.1186335
Monique Bennett,39,Linda Extension,Patriciahaven,Pennsylvania,11087,-78.640050,65.219839
Nathan White,29,Reed Common,Phillipsbury,Iowa,42510,129.735691,63.9457345
Ashley Chung,63,Marshall Grove,Micheleville,South Dakota,49463,-142.088154,45.631517
Kelly Flores,25,Jackson Isle,New Riley,Maryland,79733,2.453059,-82.3215375
Victoria Graves,30,Chen Lakes,Kennethside,Georgia,47562,70.469717,1.010617
Jeffery Hayes,76,Maldonado Trail,Matthewport,Indiana,76241,-129.577262,-88.2587445
Mark Burns,63,Guerra Plaza,Cainburgh,Georgia,54219,12.592135,-10.1302515
Dennis Rodriguez,23,Walker Oval,South Nicholasburgh,Virginia,75225,153.889837,-40.637367
Emily Cunningham,53,Kevin Union,New Justin,Iowa,45393,-16.616971,33.8174645
Melvin Conrad,20,Christina Dam,Michaelborough,Utah,51288,132.120029,-36.9282285
Jeffrey Campbell,34,Carl Garden,Johnland,Louisiana,46363,-32.381013,79.837973
Mrs. Sally Pacheco,62,Ramos Crossing,Port Kim,Nebraska,49245,-55.539585,-10.5196045
William Walker,50,Salazar Isle,South Haroldton,Missouri,87094,-163.464869,14.495375
Beverly Salas,31,Moreno Mountains,Wrightshire,Kentucky,32115,-172.594146,-10.796908
Thomas Maldonado,56,Raymond Point,West Richard,Wisconsin,11034,109.070170,-5.250260
Jennifer Moreno,67,Morrison Ways,East Jeremyburgh,Rhode Island,33736,115.991197,-79.566873
Kristi Craig,20,Curtis Crossing,Dixonbury,West Virginia,02593,21.871381,35.702255
Nathaniel Saunders,18,Carla Plaza,Lake Robertport,Nevada,83956,-63.498649,-43.806211
Sherri Singh,46,Allen Light,New Robertshire,Louisiana,01934,60.850393,26.6450415
Angela Lopez,21,William Lodge,New Timothyburgh,Michigan,61642,-116.640822,58.437754
Robert Wallace,73,Hill Spring,Bruceburgh,Iowa,91055,128.090175,-65.3865925
Michael White,44,Debra Cape,Callahanside,North Dakota,16756,125.305214,-43.507642
Kimberly Brooks,24,Krystal Lights,Calhounberg,Nevada,56877,-34.823532,44.446765
Eugene Lloyd,60,Miller Well,North Patricktown,Nevada,56212,-43.665083,-41.361514
Linda Stein,24,Raymond View,Tracymouth,Virginia,42155,-128.226777,3.920270
Kenneth Brock,76,Thomas Harbor,Jasonport,New Mexico,63154,157.736574,-39.0842765
Yesenia Yang,55,Mackenzie Island,Pettyhaven,Arkansas,22187,63.918103,-38.8947685
Jordan Smith,24,Murphy Bridge,East Wesleyfurt,Delaware,56007,150.586120,-71.6420315
Joanna Nelson,59,Farley Garden,Grayview,Washington,32187,80.597228,23.527062
Shawn Richardson,21,Martin Creek,Stefaniechester,West Virginia,29513,95.950732,25.346612
Karen Harrell,45,Christy Burgs,Guzmanton,North Carolina,53118,-131.129299,-2.659322
Joseph Fleming,38,Prince Manors,Ericachester,South Dakota,50011,-173.765224,5.7392245
Jordan Price,63,Braun Manor,Lisachester,Arizona,56086,-47.101182,76.9176805
Patrick Jones,53,Wilson Drives,North Christy,Nevada,90974,-67.392191,20.468572
Billy Owen,33,Joshua Manors,Nicholasberg,Ohio,06846,31.089618,8.747784
David Scott,70,Evans Trail,Myershaven,Connecticut,90946,-27.482795,-26.5930735
Keith Smith,51,Steven Plains,Melissaside,New Hampshire,92922,64.821973,60.3497005
Megan Ortiz,53,Rodney Place,Michaelhaven,Georgia,80173,80.355717,88.546438
Katherine Lam,77,Weiss Plaza,Randallland,Missouri,41392,34.602412,-81.789192
Rodney Salazar,66,Moss Forge,New Alexandrahaven,Illinois,62723,27.360056,31.122433
Lisa Robinson,20,Williams Manor,Mcgrathview,Illinois,43039,-92.611720,74.2125835
Zachary Spencer,31,Christopher Drive,East Vincentville,Hawaii,18775,91.664782,34.0841115
Emily White,41,Maxwell Groves,Christinafort,Michigan,50696,74.238429,17.323826
Alisha Johnston,31,Kathleen Fort,Lake Angelafurt,Virginia,19154,-96.773821,-38.2170935
Matthew Carroll,54,Snow Plains,Katieborough,New Jersey,79468,-116.647420,3.8897025
Lindsay Melton,37,Hernandez Camp,Davisburgh,Tennessee,56908,-52.083129,-28.2219925
Janice Owens,44,Lawrence Spur,Nicholasfort,Kansas,18683,-177.125978,-88.8535845
Jose James,75,White Valley,North Toddberg,Washington,17901,57.730167,-35.988766
Amy Mcclain,29,Tracey Via,Olsonborough,Nebraska,24825,-29.942790,34.151154
Robert Wolfe,37,Hammond Manors,South Biancaville,Alabama,62520,73.127465,22.3824495
Katherine Park,32,Franco Court,Derrickhaven,New Jersey,94367,10.153589,-24.951214
Briana Rodriguez,19,Francisco Fall,South Mariaton,Ohio,70461,73.952322,-20.333349
Kevin Fisher,18,Richardson Heights,South Christopher,Mississippi,72250,-96.814658,46.2054605
Alejandro Cantrell,59,Burch Ridge,Josephton,Tennessee,14185,-3.948036,-56.4017715
Emma Banks,63,Jones Road,Leonport,Louisiana,85833,85.167407,83.9477535
Marissa Gordon,38,Lee Lock,West Dawnborough,Louisiana,84852,-100.985450,58.362477
Miguel Booker,43,Vazquez Spring,Anafort,Michigan,54170,24.967444,75.997739
Laura Taylor,51,Cochran Track,South Erin,Delaware,23166,77.041231,-37.866735
Dr. Susan Brown,61,Mitchell Avenue,Guerratown,Mississippi,82168,-4.398134,70.4832565
Erin Brown,47,Michael Shoals,Underwoodview,Connecticut,07148,-41.770557,-64.776332
Jason Ellis,28,Jordan Views,Lauraborough,Minnesota,75018,1.932694,-44.625872
John Harrington,30,Calvin Heights,Proctorberg,Tennessee,69545,33.966231,-36.892612
Courtney Bryant,74,Hernandez Orchard,Cortezfurt,Connecticut,40360,-123.591129,79.7956745
Samantha Bates,42,Perez Course,North Ashley,Florida,02263,156.316997,-4.521616
Dr. Jared Harris,22,Jeffery Lodge,Christophershire,Delaware,52713,130.795261,16.6677345
Daniel Montgomery,51,Medina Lock,New Jeffreyville,Minnesota,88142,70.921014,-60.3184755
Dylan Mendoza,38,Martinez Locks,Port Tinastad,Oregon,66157,47.018746,-40.7108115
Tammy Snyder,80,Evans Road,North Dillon,Iowa,61397,133.504603,38.664368
Joseph Huerta,80,Joanne Lodge,Thompsonshire,South Dakota,87679,145.507306,-70.3188175
Lisa Thompson,45,Jones Forks,New Martha,Colorado,12039,-85.727558,6.5534795
Robert Peterson,69,Stone Isle,Port Richardshire,California,41139,-56.925503,88.126048
Melissa Crosby,38,Glenda Trace,Rogersburgh,Alabama,23631,-30.700073,86.900944
Jody Figueroa,62,Mcmillan Overpass,New Logan,Arkansas,96782,-127.776557,44.0290205
Catherine Fitzpatrick,44,Baker Fork,Matthewchester,Kansas,61689,23.911013,-72.5234145
Cody Larsen,59,Stacey Shores,Harrisstad,New Hampshire,01266,164.966188,58.520619
Jeremy Freeman,19,Lewis Rue,Kendratown,South Dakota,33235,131.045928,17.7813575
Michael Arellano,75,Hunter Mews,Nicolemouth,Ohio,72094,80.208893,-4.812582
John Wright,25,Wright Neck,Charlesmouth,Wisconsin,56549,-150.597728,66.460915
Sean Jennings,62,Russo Rapids,Moyerberg,Indiana,06034,-19.428386,67.5650015
Craig White,43,Daryl Tunnel,East Benjamin,Iowa,71624,-44.008756,70.8058585
Dana Evans,60,Jeremy Club,East Juanbury,Ohio,95393,-34.447044,-26.594297
Mark Charles,80,Alexander Pine,Lake Brianfurt,Alabama,92441,35.444773,0.937004
Martin Vang,40,Michele Pine,Sandrashire,Delaware,69253,-59.399344,-3.990836
James Hall,57,Sarah Glen,South Dianaton,Colorado,03837,-36.401330,6.042804
Arthur Anderson,51,Lori Union,West Tristanbury,Nebraska,27692,44.059770,-79.867194
Wayne Owen,58,Stephen Mills,Justintown,Montana,92331,33.285880,-72.8857925
Kristopher Lynch,67,Cunningham Trace,Daltonmouth,Minnesota,14676,15.531547,51.604508
Kevin Rodriguez,58,Sellers Dam,Jesseberg,Florida,54116,91.037564,9.180087
Adam Martinez,41,Jones Crossing,Manningborough,Kansas,62872,65.769381,-77.491911
Toni Vang,23,Stephen Port,North Rachaelhaven,Pennsylvania,60954,126.903810,-51.394964
Anthony Munoz,57,Jason Pine,New Alishatown,Colorado,01940,-86.836267,-65.5889685
Jamie Davis,44,Murray Springs,Port Richard,Kentucky,70265,131.727230,-70.3271215
Jose Hines,47,Khan Trail,Singhburgh,Kentucky,07006,-75.173133,56.676274
Michelle Roberts,20,Luna Land,New Robert,Minnesota,00789,-169.003433,-12.839883
Ivan Ross,50,Stokes Plaza,West Tabitha,North Dakota,41933,-47.231275,-49.3902835
Erin Hall,46,Anderson Walk,Littlestad,Hawaii,90018,-27.348213,86.725691
John Weiss,40,Kayla Land,Lake Patrick,Wisconsin,69923,-0.907522,-31.948380
Leslie Taylor,37,Johnson Square,North Loritown,Maine,68298,-94.798612,75.176918
Dr. Michelle Pugh DDS,44,Morgan Crescent,Charlesstad,Hawaii,78721,112.496154,-88.5043015
Laura Kramer,73,Cannon Extension,North Martin,Hawaii,24615,109.341422,27.3542125
Karen Martin,25,Cory Rapids,South Oscar,Delaware,75519,-24.410234,75.655406
Nicholas Holmes,56,Dominguez Road,West Allisonburgh,Nebraska,89443,124.973463,33.1985435
Katherine Johnston,63,Rivera Port,Warrenhaven,New Hampshire,01959,-150.071075,-8.5571485
Nicole Patel,53,Andrew Burgs,Jeremyshire,Tennessee,33858,12.728122,55.967680
Robert Barnett,75,Weaver Track,North Darrell,Massachusetts,69142,113.945886,89.3163615
Ellen Campbell,48,Steven Ramp,Tamaraburgh,Montana,04175,178.744794,88.9619875
Kelly Gray,69,Michael Junction,New Arthur,Montana,49337,-161.686073,-70.401303
Sean Cruz,62,Perez Field,Port Andre,Pennsylvania,10377,-170.410063,70.466648
Terry Clarke,31,Sarah Meadows,Rachaelshire,Washington,47687,-158.594404,-81.093754
Rachel Jones,49,Wilson Turnpike,Jesseburgh,New Mexico,84946,-110.584523,59.106967
Katrina Carr,67,Holly Vista,New Laurentown,Idaho,86658,-176.535659,-4.144150
Ryan Gonzales,55,Rodriguez Dam,Lake Dawnburgh,New York,11380,-39.917835,14.1273115
Andrea Mclean,24,Rogers Parkways,Smithhaven,Vermont,02670,-14.285406,-32.8474695
Rebecca Black,39,Joshua Viaduct,Alexmouth,Virginia,75164,-166.858972,89.122811
Alex Bass,29,Dustin Flats,North Ericberg,South Dakota,59954,-157.070250,74.792023
Marissa Ortega,70,Baker Stream,North Margaretview,Utah,14058,-66.265804,-4.0450175
Michael Johnson,73,Mullins Brook,Hamiltonhaven,Virginia,02168,-85.178183,4.493703
Toni Price,50,Taylor Orchard,Lake Jason,Kentucky,58925,-77.271754,33.541919
Laura Jones,23,Sherry Crossroad,Fordport,Oklahoma,68245,146.883044,-75.1030745
Tabitha Gonzales,68,Briggs Pines,New Brettstad,New Hampshire,01807,17.000590,69.305352
Laura Henderson,25,Ashley Circle,Jensenmouth,Kentucky,01126,-142.669117,-6.8366075
Gary Johnson,20,Miller Hill,Robertsonview,Utah,34183,-115.498366,70.8555285
Elijah Hanna,61,Amanda Port,New Brandonview,Maryland,95805,-91.701612,77.9986025
Mariah Ashley,19,Clark Mountain,South Whitneyside,Hawaii,56170,150.084554,72.816640
Juan Davenport,60,Michael Shores,Port Walter,Oregon,02338,18.229387,-57.4476985
Thomas Lopez,26,Beth Branch,Aaronfort,Illinois,51977,85.070607,-86.724052
Amanda Molina,38,Donna Motorway,Leeview,Texas,95465,-59.243395,-89.0794035
Amy Robertson,35,Clark Drive,Browntown,New Hampshire,86770,138.445404,-48.7994585
Christopher Ward,62,Austin Groves,Elizabethmouth,Maryland,23731,-136.522280,71.7260255
Danielle Thomas,59,Waters Drive,Elizabethstad,Alabama,96617,86.769090,49.374826
Jeremy Nelson,42,Pierce Extensions,Jonestown,Nebraska,98153,111.173639,-85.2300445
Robert Richardson,75,Parks Meadows,East Daniel,Missouri,90244,-167.696378,64.8470335
Blake Strong,61,Jared Trace,Rossbury,Ohio,54630,97.479985,-75.1263735
Matthew Smith,67,Lisa Terrace,Leetown,Alabama,81590,171.151025,-45.722939
Felicia Wiley,18,Mccarthy Locks,West Larryland,New Mexico,41864,-98.788766,-81.946994
Michelle Garcia,80,Schaefer Points,Reginashire,Wisconsin,56298,-41.361222,-9.2070175
Michael Fox,68,Brown Corners,New Elizabethland,Pennsylvania,68309,-50.849917,-40.9774855
Nicholas Weber MD,59,Larry Ramp,Carlosbury,Utah,24816,3.912304,82.116423
Lauren Joyce,52,Thomas Trace,Phillipstad,North Carolina,08376,-178.207087,64.7484405
Jordan Davis,64,Phillip Key,South Mary,New York,60812,-43.890911,-67.6655345
Paul Blake,32,Sexton Expressway,Emmaland,Washington,06473,143.893684,53.5550085
Karen Robinson,76,Mayo Plain,Turnertown,Washington,48030,41.573628,47.184307
John Tyler,76,Martinez Manor,East Martha,Wisconsin,33535,0.389725,-44.405637
Scott Dean,49,Brown Passage,South Aaronhaven,Oklahoma,03243,101.930819,18.3588945
Anthony Haynes,40,Matthews Square,North Keithland,California,43726,84.405733,61.9416625
Zachary Mills,48,Weber Orchard,North Jeremyside,Louisiana,99054,20.268819,-56.020977
Richard Cox,58,Rios Keys,Jacksonstad,Nevada,58507,53.035715,-56.976172
Austin Cervantes,48,Mcguire Park,North Marissa,South Carolina,40816,-6.520655,18.822090
Paul Graham,50,Jason Mills,Lake Lauraport,Oregon,47468,-40.887613,64.0250435
Tanner Castillo,32,Megan Skyway,Lake Amber,Oregon,35864,-6.659584,6.2468915
Andrew Smith,37,Frank Locks,Mcdonaldberg,Kansas,85089,-144.792137,-38.0035595
Laurie Alvarado,70,Mark Ramp,Webbtown,North Carolina,39385,-158.107950,47.005510
Ruben Evans,76,Tiffany Ports,New Joshuaport,Indiana,66946,67.176608,-20.0882985
Jose Brown,36,Wyatt Mills,South Emmastad,Idaho,38300,-137.141198,-67.2200695
Clarence Arroyo,78,Brianna Street,East Donaldstad,Michigan,70185,162.319455,36.3913285
David Smith,56,Hamilton Lake,Cherylland,New Jersey,45769,-97.100631,-68.8981915
Alice Wood,29,Teresa Point,New Morganfort,Maine,54422,53.946369,48.4122735
Matthew Hamilton,19,Patterson Highway,New Amberburgh,Ohio,79765,-165.396185,13.1111355
David Friedman,50,William Row,Ramirezview,Washington,44515,66.825980,-38.478936
Leslie Middleton,23,Cunningham Burg,Alisonland,New Jersey,29589,154.503667,22.0405515
Jimmy Carpenter,19,James Stream,Jonathanton,North Dakota,62204,151.793544,60.5474975
Ryan Williams,45,Fleming Estates,Emilychester,Delaware,10776,-178.753242,42.069200
David Patel,26,Shannon Roads,Lauraport,North Dakota,67368,113.592315,-44.958158
Ana Johnson,24,Steven Glen,North Ashleyville,North Carolina,81838,-179.498357,88.251690
Ian Greene,67,Jennifer Glen,Lake Lori,New Mexico,70237,-36.730805,-9.2218355
Connor Murillo MD,37,Perez Turnpike,Bellport,New Hampshire,44408,-77.515622,7.8004015
Tonya Campbell,77,Harold Grove,Tatetown,New York,97000,-131.050661,-57.253576
Destiny Sharp,40,Howard Pike,Port Kathleenside,Massachusetts,79758,-28.423554,-48.0721425
Matthew Lee,52,Elliott Roads,Simmonshaven,Indiana,80022,149.505877,-9.9068485
Gregory Munoz,36,Meyer Causeway,South Melaniehaven,Georgia,32448,-157.320185,70.012286
Jeffery Turner,29,Eric Village,Ewington,Iowa,02385,86.570850,-9.304231
Amanda Jensen,47,Aaron Shoals,New Ashley,Nebraska,04726,-41.064856,35.3476505
Kenneth Simmons,53,Alicia Views,East Jennifer,New Jersey,81408,-164.112142,-42.3718185
Tyrone Huffman,58,Jared Squares,Carolynbury,Utah,26451,65.384509,13.331868
Erik Collins,35,Douglas Well,Lake Michaelton,New Hampshire,60869,179.256972,29.693011
Michael Case,61,Alexander Road,Wrightberg,New Mexico,94330,-68.032602,82.7637815
Mercedes Bush,53,Kara Mill,Port Samanthaview,Nevada,35949,-39.127256,6.385834
Angela Moore,78,Bond Streets,Deborahland,Alabama,52628,53.960039,75.480186
Jamie Clay,29,Cameron Court,Wardmouth,West Virginia,55869,106.624236,-21.6994625
Debbie Hubbard,23,Christopher Manors,Robersonhaven,Utah,74915,-66.675179,-79.4768345
Justin Gonzalez,56,Mary Mount,Ginafort,Colorado,93959,47.444468,69.9919875
James Munoz,47,Ruth Isle,Acostaburgh,Indiana,70238,-42.264889,-62.0447125
Sarah Jones,55,Peterson Terrace,Andrewstown,New Mexico,85976,116.448208,5.8405025
Julian Gonzales,37,Patricia Land,Leechester,Alabama,12673,128.479411,65.7444405
Allen Flores,51,Henry Trail,Stephenshire,Louisiana,11577,20.521599,42.310629
John Davis,54,Olivia Circles,Catherinehaven,Kentucky,20769,102.397426,-39.387823
Michelle Evans,69,Cuevas Ways,West Bradleyhaven,Alaska,66274,-49.028849,-76.4447695
Mary Green,47,Joseph Drive,Shanehaven,Nebraska,99025,114.238720,-59.0874135
Kristen Thompson,68,Brooks Street,Tonyaville,Louisiana,01768,-116.228904,-17.962957
Katherine Skinner,70,Sweeney Spur,East Anthonyborough,Louisiana,25892,-43.679133,73.426780
Hannah Hamilton,36,Francisco Pass,East Johnside,Connecticut,24059,-19.795524,-86.212989
Emily Parker,60,Matthew Plain,East Andrew,New York,40755,8.501182,-44.9260335
Stephanie Curry,61,Cynthia Spring,Walshberg,Iowa,18508,143.043167,3.377816
Joshua Potter,56,Ward Point,Aliciahaven,Maine,03693,89.703305,-51.589364
Alexa Wade,59,Eric Centers,Lake Paulfurt,Maine,90315,90.063412,71.8732895
Tiffany Collins,18,Bass Underpass,East Alex,Utah,75818,67.119914,56.8826345
Ernest Logan,30,Valdez Tunnel,Wallaceton,Hawaii,01956,44.352958,-35.214818
Michael Rogers,74,Meyer Keys,South Tammyton,Florida,04322,-146.803269,30.849032
Michael Giles,36,Sarah Loop,West William,Michigan,07744,-163.551313,-67.579930
Jesus Blanchard,53,Barron Wall,Port Nicholas,Kansas,77323,64.198205,36.755755
Mr. Brad Smith II,39,Loretta Inlet,Port Claudia,Maine,68769,148.179614,-81.054332
Mrs. Veronica Ward MD,76,Raymond Crescent,Lake Tammychester,Oregon,58938,160.280887,-87.9726095
Richard Davis,75,Hannah Center,Robinsonborough,Utah,54369,167.205631,-59.6828605
Mark Hansen,51,John Extensions,Lake Diana,Connecticut,84263,128.984085,-58.4651185
Katherine Cox,26,Alexandra Station,Andersonchester,New York,12750,-136.265131,15.1233985
Michelle Williams,74,Diaz Passage,West Benjamin,Colorado,96730,71.363578,16.815931
Keith Smith,30,Jane Inlet,Maloneside,North Carolina,84220,-82.912965,58.1131555
Christine Brown,25,Mosley Course,Lake Crystalmouth,Texas,12037,-123.560547,22.880821
Jillian Mcneil,39,Tate Glens,Maryton,Mississippi,97591,82.733251,-42.0360445
Maria Atkins MD,43,Charles Track,Jonesberg,Arkansas,13641,-144.789117,-79.804927
Kathryn Ware,19,Erin Forge,East Christopher,Rhode Island,98610,-73.295767,-68.5939245
Cynthia Vasquez,62,Keller Junction,Harveytown,Idaho,54525,-82.164299,-7.224091
Jason Rhodes,42,Barry Light,West Michelle,Minnesota,80660,161.966088,45.5498855
Christopher Morrison,53,April Shoals,East Christinebury,Georgia,07943,-128.931380,-16.6162215
Matthew Cook,25,Ricardo Flats,North Sarastad,Kansas,24744,-8.638202,-32.867791
Molly Dennis,52,Brian Isle,South Stephanie,Pennsylvania,04454,18.580726,58.185116
Sheri Perez,68,Olsen Locks,Carlabury,Arkansas,48854,47.954970,84.9396245
John Miller,40,Krystal Manors,South Brianmouth,Tennessee,59818,124.708034,2.9675295
Kathleen Cowan,37,Wang Views,Lake Jay,Nevada,24201,-120.785080,39.2895405
Becky Allen,67,Welch Ridges,New Marcus,Minnesota,63650,-171.564178,26.0968795
Danielle Hess,51,Eric Lock,Kellyshire,Maine,36524,169.127627,14.6125445
Joanne Powers,45,Ramos Center,Hicksmouth,Idaho,41958,-14.078203,-84.320929
Gary Smith,53,Lucas Drives,New Jeremy,West Virginia,57609,135.478464,-20.112447
Ricky Miller,61,Joel Hollow,Turnerville,Illinois,63188,-21.791736,-23.4345195
Amy Hill,31,Singh Fall,Francisborough,Delaware,54018,-73.360781,35.336431
Roy Ford,18,Taylor Ferry,Michelleport,New York,14432,43.732407,21.1427705
Nathan Moore,49,Jennifer Mews,Guzmanview,New Jersey,80386,-61.999100,9.7854845
Kevin Gutierrez,54,Shannon Roads,South Gabriela,Arizona,05263,-2.237964,-20.1260295
Amy Harmon,66,Allison Roads,West Tinashire,Massachusetts,89192,-168.979374,-75.495094
Jeffery Smith MD,44,Taylor Via,South Laura,Indiana,77061,95.523240,9.9943105
Bruce Ray,38,Terry Land,Howardshire,Mississippi,93161,110.813033,52.9444365
Melissa Blackwell,75,Melissa Corner,Thomasland,Kansas,32560,148.939113,56.068051
Robert Martinez,25,Blake Islands,Danielland,Colorado,44097,21.899535,29.927762
James Mcdonald,29,Michael Track,Port Michelle,Pennsylvania,17425,168.733143,-22.371144
Matthew Robles,59,Laura Point,Lake Heatherfort,North Dakota,75427,-44.964632,-69.7074685
Elizabeth Brown,78,Brown Lodge,South Andrewhaven,South Dakota,18004,-166.438213,84.519116
Brian Barry,47,Jennifer Island,Lake Jacqueline,New Jersey,22456,141.342370,-73.012120
Emily Ferguson,30,Jon Grove,South Hectorshire,Maine,16827,85.660675,61.1906015
Jay Snow,50,Phillips Valley,East Linda,Connecticut,40465,-69.088911,-65.2176465
Bobby Wilson,23,Wade Causeway,North Francisburgh,Georgia,20697,95.217381,-36.220775
Tiffany Bruce,21,Beth Island,Suzannehaven,North Carolina,09603,-18.123072,31.0416035
Sarah Padilla,26,Gordon Station,Port Bailey,North Carolina,34679,-150.402415,21.0701785
Wesley Franklin,43,Frederick Camp,South Patrickburgh,Washington,48446,-84.186034,-88.4111645
Melissa Roach,77,Robert Unions,Jermainetown,West Virginia,15979,57.540707,-58.073789
Jennifer Kelly,49,Mary Vista,Stevenstad,Nebraska,18442,-162.712146,57.588078
Amy Anderson,27,Peterson Streets,West Robert,Tennessee,74915,34.757440,0.2942325
Jason Tran,55,Flowers Road,Johnfort,Wyoming,66084,177.898731,38.211551
Julie Salinas,31,Charles Well,East Robert,Maine,51996,61.065273,-16.204517
Jordan Benson Jr.,25,Maria Stream,Lake Luis,Massachusetts,98281,80.630302,78.349700
Joy Phillips,74,Jesus Turnpike,Littlemouth,Georgia,31623,89.019201,44.481579
Karen Johnson,41,Herrera Plaza,Townsendside,Colorado,57510,-152.073329,-4.8558025
Kyle Henderson,52,Sara Cliff,North Bethanymouth,Alaska,84934,-73.687038,-73.3589165
Wendy Shelton,63,Carrie Station,Jacksonville,Delaware,95196,-109.462409,58.340967
Eddie Bright,34,Danny Brook,Port Annamouth,Louisiana,32019,139.181386,45.3257885
Daniel Johnson,40,Lozano Loaf,Lake Richard,Oklahoma,11764,-142.897074,-44.7634615
Michael Gill,34,Cynthia Street,East Monique,Oregon,78372,168.034875,78.6337525
Alejandro Rose,18,Michelle Crest,Shawnchester,Texas,98630,-94.669009,7.038769
Susan Smith,22,Anthony Trail,Leonardview,South Dakota,23385,164.673040,56.2775955
Ruth Stevens,72,Joseph Pike,Lake Willie,Alaska,39620,-106.144632,-1.7960505
Joseph Kim,63,Hernandez Harbors,Lake James,Arizona,64836,43.390741,13.0863995
Kayla Hardy,33,Matthew Throughway,North David,Nevada,31544,-81.484548,-80.458769
Kelly Olson,67,Collier Orchard,Fieldsfort,New Mexico,31231,51.825327,-71.1956045
Joseph Dean,77,Kent Mountain,East Christopher,Mississippi,73909,-107.642073,42.1972925
Shawn Mcgee,60,Brandi Harbors,South Kristi,Montana,30800,88.111510,-52.007368
Jonathan Ferguson,42,Thompson Parkway,North Sandra,Washington,99083,59.876356,22.2866755
Claire Berg DVM,29,Williams Junction,Robertport,Iowa,72914,-45.379838,-76.3676985
Kevin Smith,49,Alexander Ranch,West Brad,Ohio,93642,34.159868,-9.7569975
Robert Gilbert,49,Sonya Vista,South Tamara,Pennsylvania,16031,176.684716,46.6749995
Mary Hall,61,Gilbert Lodge,New Kelly,Nebraska,23469,10.813650,-21.118386
Sergio Townsend,29,Simmons Glen,Shawnstad,Oregon,32519,-143.503155,-40.183578
Raven Krause,38,Barry Lakes,Ashleyhaven,Arizona,91977,0.001914,33.718137
Sara Rice,57,Charles Camp,Lake Stephanie,Illinois,02215,-147.741291,60.751556
Michael Parker,30,Jones Glen,Allisonfort,Hawaii,12513,-92.967282,-0.154021
Christina Gibson,55,Christopher Summit,East Rebekahstad,Pennsylvania,39468,-76.390097,85.172003
Ian Perez,38,Stewart Row,Lake Anna,Missouri,63093,113.144049,2.6933955
Cassandra Gentry,23,Denise Forest,Lake Richard,Kentucky,03117,141.107781,80.4966805
Kimberly Schneider,29,Reynolds Glens,Ariaston,Ohio,00663,80.656068,50.9401095
Jasmine Erickson,39,Taylor Ferry,East Christophermouth,Kansas,52878,-164.875117,73.203627
Robert Padilla,38,Fletcher Isle,East Malikshire,Massachusetts,33834,74.927126,60.426113
Wayne Hawkins,25,Ray Skyway,East Matthew,Texas,66092,-169.819132,53.384846
Laura Turner,42,Raymond Flat,Josemouth,Connecticut,12173,-102.348372,14.616800
Marcus Wilson,26,Perez Village,South Michaelhaven,Arizona,57227,-14.050214,-65.812623
Andrew Norman,27,Gutierrez Shoal,East Gwendolynchester,Rhode Island,61023,53.191900,-1.5811085
Mark Sanchez,68,Deborah Spring,New Markton,Idaho,49550,174.872048,-65.2956905
Belinda Murray,45,Richardson Brooks,Jacksonside,West Virginia,06705,-55.042268,-69.374654
Sarah King,28,Mccoy Port,West Johnstad,Vermont,50175,176.237924,-10.925391
Allen Colon,38,Amy Wells,Alicemouth,Wisconsin,48633,170.227110,21.6580855
Vincent Mccarty,34,Olivia Walk,Robertsbury,Maine,38062,-125.079303,69.5288245
Teresa Rodriguez,33,Rebecca Highway,West Diane,New Hampshire,88002,55.864880,51.2145845
Sharon Rivas,69,Matthew Forest,East Bradleystad,Connecticut,17237,77.464124,39.7739895
Anthony May,71,Carmen Village,New Michaelfurt,Rhode Island,38542,-162.638271,-89.592293
William Bauer,42,Shaw Hollow,North Christina,Alabama,65414,-145.940454,37.266063
Meghan Ramos,34,Morales Mountain,Greenfurt,Montana,59022,-104.071673,45.5401305
Jerry Banks,61,Nathaniel Meadow,Amandafurt,Virginia,32140,-17.895731,-89.236142
Carolyn Clay,74,Stewart Oval,New Rhondastad,Missouri,58854,-6.743628,44.4629505
Jay Zhang,50,Amanda Pine,New Dylan,Maine,22144,140.564190,-89.5064485
Scott Guzman,62,Roger Vista,Westmouth,North Carolina,34007,118.325803,15.014895
Brad Nguyen,27,Tiffany Forges,Ryanbury,Illinois,85773,82.339103,33.1075775
Debra Armstrong,74,Matthews Wells,Herringstad,Louisiana,91617,-12.930659,-21.956605
Mark Giles,62,Watkins Square,South Timothychester,Virginia,56323,147.046251,-47.6217475
Carol Pierce,47,Haley Dale,Wrightmouth,Idaho,20662,107.451137,-81.082952
Lisa Ali,46,Houston Ports,Allisonberg,Minnesota,92374,-66.195599,-3.712299
Regina Newman,53,Thomas Dam,Christopherside,New York,41352,136.158309,86.6843275
William Gray,72,Teresa Groves,Port Kristina,South Carolina,99234,-136.983206,-82.762429
Carolyn Allison,61,Andrew Run,Oconnellmouth,Vermont,65984,72.717885,-31.611157
Molly Black,18,Parker Ways,Port Loganport,Delaware,91051,115.125538,-24.1317905
Monica Weber,20,David Harbors,Phillipsburgh,Rhode Island,57369,-123.223826,12.0334775
Rachel Anderson,48,Hannah Glens,Hallton,Hawaii,96079,-148.940113,-13.0565495
Stephanie Henson,36,Lynn Crossing,Hensleymouth,Georgia,36534,-59.715248,-26.3715895
Casey Rodriguez,62,Frank Park,South Kevin,Connecticut,21657,153.337581,64.293592
Gregory Owens,38,Jessica Ranch,Lindafort,New Jersey,86449,-36.627934,32.9584705
Sandra Adams,42,Nelson Canyon,West Benjaminfurt,Wisconsin,55132,-141.950745,-33.1183745
Cheyenne Bright,29,Carmen Springs,Julieport,New Jersey,98006,139.097926,-61.107403
Michael Rodriguez,67,Timothy Court,Port Elizabethmouth,New Jersey,08968,-70.461664,-41.540037
David Robertson,42,Murray Ridges,South Robertton,Pennsylvania,94160,150.111352,50.689451
Amy Rivera,77,Anderson Lakes,New Nicole,New Jersey,26898,-159.837526,-52.5196775
Todd Schneider,59,Angel Divide,Jacksonside,South Carolina,18249,-19.493231,72.866188
Michael Martinez,73,Baker Stravenue,South Tylerstad,Arizona,20252,-116.916746,80.5989905
Lindsey Kim,35,Hill Pine,West Jennifer,Mississippi,52970,108.424975,-43.0358695
Harold Palmer,20,Melissa Meadow,East Karenton,Delaware,78724,-79.040097,-59.848586
Charles Hobbs,71,Benitez Greens,South Wendy,Rhode Island,03920,-156.636727,42.526528
Bruce Todd,51,Diaz Knoll,New Shawna,Wisconsin,99161,52.700557,37.3266105
Amy Munoz,32,Adam Lights,Clarkefort,Michigan,45413,-131.713232,89.034576
Jeffery Morris,57,Daniel Bridge,Murphyberg,Colorado,58594,-58.954344,78.381820
Grace Evans,37,Denise Plaza,Monicaport,Maine,64458,108.424358,-33.4598255
Ryan Garrett,51,House Extension,Lake Christinastad,Washington,70218,-90.755152,-83.8189305
Richard Fernandez,57,Harper Point,Julieview,Florida,59990,-30.831496,-39.0981045
Andrea Hampton,60,Bradshaw Hills,New Sherryshire,Kentucky,74653,-141.748507,-6.082819
Jeremy Shelton,71,Kristin Grove,Smithtown,Montana,54534,-70.110077,-44.8332425
Emma Powell,50,Melissa Shores,Williamstad,Wisconsin,10654,-148.322676,-22.5118025
Stephanie Murray,30,Mary Lock,North Annemouth,Mississippi,66584,-153.611755,-80.6954965
Marcus Crawford,73,Vega Rapids,Gabrielashire,Kansas,21556,-108.581269,-8.045400
Kendra Brooks DDS,60,Tina Pike,East Barry,Arkansas,78057,-88.800535,-8.763451
Alicia Lambert,32,Tonya Spur,Lake Amandashire,Kentucky,60349,-63.249828,-89.5529095
Michael Miller,52,Debbie Gateway,West Kristibury,Oregon,43208,114.361505,67.3908835
Wayne Wood,20,Jessica Ville,New Caseyberg,Nebraska,81805,-46.202137,69.432062
Thomas Anthony,18,Romero Greens,Campbellmouth,North Dakota,12243,105.835061,-70.6593805
Nathan Davila,78,Spencer Junction,Kington,Arizona,66494,-114.200893,55.298752
James Ortiz,46,Tammy Fork,Lake Ashleymouth,West Virginia,24615,-38.352902,27.8583145
Mary Salas,45,Christina Landing,Langmouth,Tennessee,83837,-101.419686,-44.341318
Raven Washington,61,Samantha Stream,East Austin,Maine,69465,-80.280476,-42.955622
Mary Bradford,47,Ariel Light,West Heatherburgh,Rhode Island,87605,-155.948510,-41.8365175
Christine Brandt,30,Schmidt Grove,North Anthonyshire,New Mexico,02965,52.181293,-36.807456
Courtney Dudley,24,Howard Circle,Sharonport,Louisiana,13781,-151.454607,45.8344195
Christopher Henry,52,Bowen Centers,Port Tracy,Pennsylvania,70459,-64.156312,-60.6956465
Christian Brown,20,Kristine Forges,Crystalhaven,Idaho,37509,35.016935,-54.970310
Johnny Hall,55,Snyder Isle,Port Sharon,New York,33873,48.268688,-20.121003
Craig Lee,71,Taylor Camp,Garzaside,Washington,45608,-159.661694,-78.655072
Deborah Santos,21,Smith Loaf,Garciaburgh,New Jersey,05134,-104.602218,-65.461849
Craig Patterson,62,Rhodes Expressway,Navarrochester,Minnesota,77028,-160.916476,33.716558
Michael Moore,20,Bob Crest,Port Juliechester,Alabama,37741,176.992689,-34.7087965
Patrick Ferguson,42,Mariah Forks,Jennafort,Oklahoma,61927,172.421082,-71.326687
Julie Wong,62,Roman Springs,Jeffreyburgh,Nebraska,30725,-145.318972,-51.3208975
James Green,43,Shannon Shoal,East Jonathanberg,North Dakota,52594,107.268448,77.1405205
Martin Burns,54,Dana Trace,North Christina,Tennessee,99731,120.890188,41.7913745
Kristina Osborn,67,David Mount,New Michele,Illinois,15388,79.538461,59.630911
Ariana Garcia,80,Christopher Loaf,Simsshire,Kansas,78258,-137.260813,-3.753656
Randy Flores,55,Tran Parks,Lake Debbie,Texas,49569,175.753866,22.4690015
Brandon Levy,49,Clarence Pines,Port Cassidy,Hawaii,08407,-96.955486,-81.1095065
Lisa Patel,72,Brian Corner,Stephaniestad,Connecticut,72126,-136.228788,49.909576
Tracey Olsen,39,Miller Mission,Joycefort,Ohio,34972,-84.255444,-37.4432545
Joseph Butler,71,Brandon Lane,New Jillview,Georgia,86055,15.561569,40.814127
Katie Lopez,56,Emily Glen,New Morgan,Nebraska,67950,-4.363924,-71.0670865
Patricia Guerra,63,Elijah Brook,Normanborough,Montana,86877,-167.905434,15.8936785
Don Jones,60,Norton Parks,Port Stanley,Vermont,89266,126.684952,-1.4028335
Oscar Jones,35,Gonzalez Well,North Joshua,Idaho,75412,112.225967,-73.2430715
Christina Palmer,29,Billy Summit,Lorichester,Connecticut,08923,-53.574489,-78.717699
Calvin Daniels,35,Cross Court,Byrdborough,Alabama,03383,0.877804,45.182956
Paul Harris,47,Bond Isle,Ronnietown,Nevada,62768,-119.914719,-20.284511
Amy Herrera,45,Payne Coves,Lake Ronaldtown,Oregon,09664,-158.082281,9.7148485
Albert Gates,27,Singleton Drives,North Darren,Alabama,27105,159.168252,80.5600845
Kristy Johnson,54,Jackson Spur,South Jason,Kansas,47208,-1.469877,-41.297647
Toni Ramirez,66,White Shore,Port Danielchester,South Carolina,01645,-141.739631,-53.509582
Tyler Santana,80,Luke Village,Wendyburgh,Michigan,86930,31.488776,71.140797
Amanda Richard,21,Miller Camp,West Ana,Hawaii,19638,-178.248115,89.926526
Donald Bolton,59,Sandra Islands,Snyderstad,Virginia,47319,-6.141760,-70.615045
Claire Flores,44,Lisa Ridge,New Jessicafort,Maryland,31077,65.418800,89.3634735
Anthony Singleton,24,Carter Lights,East Sarahland,Florida,13604,51.057612,7.1117295
Ashley Alvarez,65,Moon Harbor,South Michaelfort,Arkansas,50189,20.185894,-34.986734
Hannah Marshall,52,Gordon Well,Floreston,California,40874,147.414644,-69.6639085
Margaret Odom,47,Hill Fall,Mathiston,Hawaii,71165,-25.732483,-44.592559
Antonio Carter,56,Travis Lodge,North Kimberlyfort,Pennsylvania,49873,154.272610,82.871976
Stephanie Mendez,72,Steven Court,West Jennifershire,Illinois,74352,130.177540,72.3222175
Mr. Randy Mejia MD,75,James Haven,Rickyhaven,Georgia,04090,90.333680,7.645181
Jesse Caldwell,26,Griffin Drive,Port Jameston,Indiana,65000,48.994412,51.615156
Aaron Clay,70,Tina Extension,Millerport,Wisconsin,49437,-22.039841,-62.848194
Jenny Campbell,79,Amy Field,South Jenniferfurt,New Hampshire,90752,-75.082061,9.4881235
Brandon Arellano,33,Laurie Courts,Owenland,Idaho,61583,121.051840,-23.1126145
Karen Walker,59,Jerome Loaf,South Mikayla,Indiana,04450,-89.448928,-56.0308185
Erin Chambers,25,Jones Mountain,North Michaelmouth,Illinois,58946,-24.949958,-16.593475
Sara Richardson,24,Webb Crescent,New Patrick,North Carolina,76669,90.882374,-20.5234655
Sean Brewer,44,Spears Coves,New Jameston,Kentucky,80636,-143.414676,-72.4772055
Maria Davis,61,Ashlee Pike,West Rebeccahaven,Georgia,17730,178.138295,73.7311475
Amanda Warner,70,Charles Ramp,East Danielmouth,Oklahoma,68555,159.690278,58.503870
Elizabeth Reyes,56,Moore Isle,East Timothy,Delaware,55533,112.503858,-26.8283575
Lisa Nicholson,55,Evans Turnpike,Vanessaburgh,Arizona,06793,12.410119,-12.741642
Jennifer Sanders,76,Rodriguez Row,South Samanthaburgh,New York,41344,119.346754,71.6248225
Wesley Beasley,74,Douglas Prairie,Lake Mark,Massachusetts,94918,-115.717864,20.3972325
Melissa Martin,50,Combs Harbor,Salastown,Nebraska,90981,134.773737,58.0135025
Steven Martinez III,80,Kelly Field,Lake Gary,South Dakota,67102,-111.362934,-1.0222315
Deanna Berger,21,Joseph Vista,Bryanview,Wyoming,30179,-12.965927,77.4657215
Melissa Hall,51,Justin Mountain,New Christyborough,New Jersey,49184,-141.501350,-16.717845
Thomas Davis,24,Andrea Club,West Douglasfurt,Pennsylvania,63919,11.892057,-5.764201
Carrie Harrison,27,Robert Hills,West Jerryfort,Connecticut,77234,-159.338180,-14.989445
Robert Wright,70,Christopher Lane,Erinmouth,Ohio,19173,160.919910,52.818879
Robert Young,49,Campos Street,Caldwellmouth,Hawaii,24886,98.182251,44.758861
Eric Harrison,24,Bonnie Springs,Leeton,Minnesota,06711,-63.978389,-47.5129995
Christine Martinez,80,Mckay Circle,Zamoraborough,New Hampshire,44906,-59.236026,-19.829089
Holly Romero,63,Duffy Place,South Davidtown,New Hampshire,65163,-101.926290,66.3178685
Brandon Lawson,69,Walters Inlet,Schwartzland,Indiana,95931,-69.992033,59.7939375
Shaun Sutton,23,Michael Causeway,Lake Laura,Nevada,82512,27.555732,-75.0309035
Danielle Gonzalez,32,Sandoval Field,West Johnside,Alaska,66672,-87.790168,21.6729045
Richard Oliver,42,Andrea Passage,West Danafort,Wyoming,44100,-167.811073,13.264025
Brenda Davila,71,Melissa Camp,Sheltonton,Colorado,33614,176.143824,25.0285535
Deborah Sanders,39,Harper Port,Pachecobury,New York,29470,-15.712877,85.2597425
Kathryn Baldwin,30,Mayo View,South Chelseamouth,Tennessee,05036,-18.080060,-67.999282
Anthony Fletcher,48,Nelson Key,Brittanystad,Connecticut,20886,125.285115,21.474417
Ethan Campbell,48,Howard Lane,East Nicole,Oklahoma,05110,21.514512,88.9955305
Mariah Cox,25,Laura Fork,Haysberg,Nevada,20392,-75.987629,49.4622185
Michelle Wilson,36,Harmon Greens,Bishophaven,New Jersey,62100,-50.686439,-22.0967085
George Herrera,20,Jones Divide,East Terri,Rhode Island,58972,-152.801229,-83.6598235
Daniel Baldwin,35,Matthew Ville,Lake Stevenfurt,Illinois,89269,146.026613,-26.283117
Bradley Wallace,35,Nelson Rue,East Matthew,Florida,30055,-90.266769,-28.1373195
Maria Hanson,73,Turner Fall,Wendybury,Maine,37466,-174.719394,84.9677115
Timothy Anderson,47,Brown Valleys,West Charlesburgh,Florida,60015,-112.671678,-56.064126
Carrie Zhang,23,Snow Pines,East Deborah,Florida,60593,-57.145056,15.2392245
Daniel Hart,33,Darin Ports,Jacobland,Maryland,67073,-18.568898,4.1987955
Olivia Gross,44,Long Plains,North Zachary,Kentucky,33827,-121.347779,-9.290964
Leslie Chavez MD,80,Lori Throughway,Kellyhaven,California,42654,145.449371,15.497886
Brett Underwood,72,Robinson Fields,Jonestown,Kentucky,10629,153.375294,-28.1286045
Scott Vasquez,29,Jacqueline Mill,Tammyport,Tennessee,46355,136.642979,-81.9343985
Valerie Greer,48,Boyer Road,Lake Stacyburgh,North Carolina,42560,129.267829,-16.1800775
Rebecca Barnett,34,Megan Squares,Rodriguezfort,Maryland,76539,-140.824511,-59.9398815
Cynthia Nelson,45,Glenn Burg,Williamsmouth,Alabama,48817,26.848254,-62.891370
Danny Carlson,33,Christina Burg,Millerchester,Alabama,58868,165.857347,15.024187
Heather Bauer,38,Lee Dam,South Angela,Oklahoma,99695,-11.145611,-42.3523255
Brian Patrick,57,Wood Walks,Garrisonfurt,Alaska,59488,-46.478415,-5.628226
Terry Fuentes,44,Steven Trail,Palmertown,Arizona,71215,-7.443722,1.0520045
Anthony Houston,68,Smith Rapids,Port Brianna,North Dakota,93650,-58.840339,22.209433
Devon Taylor,79,Jamie Shoal,Sandramouth,Texas,89479,112.673541,80.7773385
Kevin Smith,69,Adrienne Course,East Nicholas,Oklahoma,82601,21.316578,65.1927875
Elizabeth Burton,22,Andrade Ramp,West Kimberlychester,Connecticut,87160,104.386442,-77.814410
Tyler Nguyen,63,Bowers Route,Scottchester,South Carolina,23471,-94.512796,-35.0784255
William Davidson,56,Michele Avenue,Port Carloshaven,Tennessee,60464,-6.601598,-59.479655
Jesse Cruz,43,Mary Wall,Gonzalezview,Nebraska,71231,-55.442156,7.002533
Alec King,71,Jesse Wall,Humphreytown,Indiana,17678,-67.992684,81.141259
Justin Carter,72,Bell Path,Markfort,Utah,33042,-93.015958,34.0182155
Francis Williams,32,Curtis Summit,Petersonborough,Tennessee,52935,49.812967,83.214603
Lacey Brooks,32,Jennifer Mall,Courtneyview,Pennsylvania,09849,-54.087514,10.658947
